school,major,rank,grade,score,province
清华大学,计算机科学与技术,1,A+,73.8,北京
浙江大学,计算机科学与技术,2,A+,72,浙江
哈尔滨工业大学,计算机科学与技术,3,A+,71.3,黑龙江
北京大学,计算机科学与技术,4,A+,67.8,北京
北京航空航天大学,计算机科学与技术,5,A+,67.6,北京
南京大学,计算机科学与技术,5,A+,67.6,江苏
上海交通大学,计算机科学与技术,7,A+,67,上海
北京理工大学,计算机科学与技术,8,A+,66.5,北京
西安电子科技大学,计算机科学与技术,9,A+,66.4,陕西
华中科技大学,计算机科学与技术,10,A+,65.7,湖北
中国科学技术大学,计算机科学与技术,11,A+,65.5,安徽
西北工业大学,计算机科学与技术,12,A+,65.3,陕西
同济大学,计算机科学与技术,13,A+,64.8,上海
东南大学,计算机科学与技术,14,A+,63.4,江苏
西安交通大学,计算机科学与技术,15,A+,61.9,陕西
电子科技大学,计算机科学与技术,16,A+,61.6,四川
华南理工大学,计算机科学与技术,17,A+,60.6,广东
北京邮电大学,计算机科学与技术,18,A+,58.4,北京
湖南大学,计算机科学与技术,19,A+,57.9,湖南
武汉大学,计算机科学与技术,19,A+,57.9,湖北
东北大学,计算机科学与技术,21,A,57.5,辽宁
深圳大学,计算机科学与技术,22,A,57.3,广东
中国人民大学,计算机科学与技术,23,A,57.2,北京
天津大学,计算机科学与技术,24,A,57,天津
复旦大学,计算机科学与技术,25,A,56.6,上海
中南大学,计算机科学与技术,25,A,56.6,湖南
中山大学,计算机科学与技术,27,A,56.4,广东
华东师范大学,计算机科学与技术,28,A,55.6,上海
吉林大学,计算机科学与技术,28,A,55.6,吉林
南京理工大学,计算机科学与技术,28,A,55.6,江苏
南开大学,计算机科学与技术,31,A,54.8,天津
南京航空航天大学,计算机科学与技术,32,A,54.7,江苏
北京交通大学,计算机科学与技术,33,A,54.6,北京
山东大学,计算机科学与技术,34,A,54.3,山东
大连理工大学,计算机科学与技术,35,A,54.1,辽宁
重庆大学,计算机科学与技术,36,A,54,重庆
四川大学,计算机科学与技术,37,A,53.9,四川
哈尔滨工程大学,计算机科学与技术,38,A,53.8,黑龙江
杭州电子科技大学,计算机科学与技术,39,A,53.3,浙江
厦门大学,计算机科学与技术,40,A,53.2,福建
合肥工业大学,计算机科学与技术,41,A,53,安徽
重庆邮电大学,计算机科学与技术,42,A,52.9,重庆
北京师范大学,计算机科学与技术,43,A,51.9,北京
西北大学,计算机科学与技术,43,A,51.9,陕西
河海大学,计算机科学与技术,45,A,51.6,江苏
北京工业大学,计算机科学与技术,46,A,51.5,北京
南京邮电大学,计算机科学与技术,46,A,51.5,江苏
福州大学,计算机科学与技术,48,A,51.3,福建
上海科技大学,计算机科学与技术,49,A,51.2,上海
苏州大学,计算机科学与技术,50,A,50.9,江苏
桂林电子科技大学,计算机科学与技术,51,A,50.7,广西
中国农业大学,计算机科学与技术,52,A,50.3,北京
浙江工业大学,计算机科学与技术,53,A,50.1,浙江
安徽大学,计算机科学与技术,54,A,49.9,安徽
北京科技大学,计算机科学与技术,55,A,49.6,北京
武汉理工大学,计算机科学与技术,56,A,49.1,湖北
新疆大学,计算机科学与技术,57,A,49,新疆
南京信息工程大学,计算机科学与技术,58,A,48.5,江苏
中国矿业大学,计算机科学与技术,58,A,48.5,江苏
中国海洋大学,计算机科学与技术,60,A,48,山东
上海大学,计算机科学与技术,61,A,47.7,上海
江南大学,计算机科学与技术,62,A,47,江苏
兰州大学,计算机科学与技术,62,A,47,甘肃
西南交通大学,计算机科学与技术,64,A,46.9,四川
云南大学,计算机科学与技术,65,A,46.7,云南
广西大学,计算机科学与技术,66,A,46.5,广西
陕西师范大学,计算机科学与技术,66,A,46.5,陕西
青岛大学,计算机科学与技术,68,A,46.3,山东
中国地质大学（武汉）,计算机科学与技术,69,A,46.1,湖北
西南大学,计算机科学与技术,70,A,45.9,重庆
郑州大学,计算机科学与技术,71,A,45.6,河南
华东理工大学,计算机科学与技术,72,A,45.5,上海
太原理工大学,计算机科学与技术,73,A,45.4,山西
山西大学,计算机科学与技术,74,A,45.3,山西
贵州大学,计算机科学与技术,75,A,44.9,贵州
昆明理工大学,计算机科学与技术,75,A,44.9,云南
中国石油大学（华东）,计算机科学与技术,75,A,44.9,山东
武汉科技大学,计算机科学与技术,78,A,44.8,湖北
南昌大学,计算机科学与技术,79,A,44.3,江西
华中师范大学,计算机科学与技术,80,A,44,湖北
山东科技大学,计算机科学与技术,81,A,43.6,山东
大连海事大学,计算机科学与技术,82,A,43.3,辽宁
华南师范大学,计算机科学与技术,83,A,43.2,广东
暨南大学,计算机科学与技术,84,A,43.1,广东
西安邮电大学,计算机科学与技术,84,A,43.1,陕西
北方工业大学,计算机科学与技术,86,A,42.8,北京
南京师范大学,计算机科学与技术,86,A,42.8,江苏
东北师范大学,计算机科学与技术,88,A,42.6,吉林
广东工业大学,计算机科学与技术,88,A,42.6,广东
北京林业大学,计算机科学与技术,90,A,42.5,北京
南方科技大学,计算机科学与技术,91,A,42.4,广东
长安大学,计算机科学与技术,92,A,42.2,陕西
广州大学,计算机科学与技术,92,A,42.2,广东
中央民族大学,计算机科学与技术,92,A,42.2,北京
江苏大学,计算机科学与技术,95,A,42.1,江苏
天津理工大学,计算机科学与技术,96,A,42,天津
杭州师范大学,计算机科学与技术,97,A,41.7,浙江
东华大学,计算机科学与技术,98,B+,41.6,上海
齐鲁工业大学,计算机科学与技术,98,B+,41.6,山东
济南大学,计算机科学与技术,100,B+,41.5,山东
长沙理工大学,计算机科学与技术,101,B+,41.3,湖南
海南大学,计算机科学与技术,101,B+,41.3,海南
山东师范大学,计算机科学与技术,101,B+,41.3,山东
湖南师范大学,计算机科学与技术,104,B+,40.9,湖南
浙江工商大学,计算机科学与技术,105,B+,40.8,浙江
西安理工大学,计算机科学与技术,106,B+,40.7,陕西
浙江师范大学,计算机科学与技术,107,B+,40.4,浙江
华东交通大学,计算机科学与技术,108,B+,40.3,江西
湖北工业大学,计算机科学与技术,109,B+,40.2,湖北
湘潭大学,计算机科学与技术,110,B+,40.1,湖南
上海海事大学,计算机科学与技术,111,B+,39.9,上海
内蒙古大学,计算机科学与技术,112,B+,39.7,内蒙古
燕山大学,计算机科学与技术,113,B+,39.4,河北
北京化工大学,计算机科学与技术,114,B+,39.3,北京
河北工业大学,计算机科学与技术,114,B+,39.3,河北
上海理工大学,计算机科学与技术,114,B+,39.3,上海
长春理工大学,计算机科学与技术,117,B+,38.7,吉林
华北电力大学,计算机科学与技术,117,B+,38.7,北京
首都师范大学,计算机科学与技术,117,B+,38.7,北京
华南农业大学,计算机科学与技术,120,B+,38.3,广东
中国矿业大学（北京）,计算机科学与技术,121,B+,38.2,北京
江西师范大学,计算机科学与技术,122,B+,38.1,江西
西安工业大学,计算机科学与技术,122,B+,38.1,陕西
北京电子科技学院,计算机科学与技术,124,B+,38,北京
西安科技大学,计算机科学与技术,124,B+,38,陕西
西南石油大学,计算机科学与技术,124,B+,38,四川
上海电力大学,计算机科学与技术,127,B+,37.9,上海
北京信息科技大学,计算机科学与技术,128,B+,37.8,北京
西藏大学,计算机科学与技术,128,B+,37.8,西藏
青海师范大学,计算机科学与技术,130,B+,37.7,青海
扬州大学,计算机科学与技术,131,B+,37.6,江苏
三峡大学,计算机科学与技术,132,B+,37.5,湖北
中国地质大学（北京）,计算机科学与技术,132,B+,37.5,北京
湖南科技大学,计算机科学与技术,134,B+,37.4,湖南
南京财经大学,计算机科学与技术,134,B+,37.4,江苏
中央财经大学,计算机科学与技术,134,B+,37.4,北京
中国传媒大学,计算机科学与技术,137,B+,37.2,北京
福建师范大学,计算机科学与技术,138,B+,37.1,福建
东北电力大学,计算机科学与技术,139,B+,37,吉林
南京农业大学,计算机科学与技术,139,B+,37,江苏
成都大学,计算机科学与技术,141,B+,36.9,四川
汕头大学,计算机科学与技术,141,B+,36.9,广东
中国石油大学（北京）,计算机科学与技术,141,B+,36.9,北京
成都信息工程大学,计算机科学与技术,144,B+,36.7,四川
宁夏大学,计算机科学与技术,144,B+,36.7,宁夏
宁波大学,计算机科学与技术,146,B+,36.6,浙江
西南财经大学,计算机科学与技术,146,B+,36.6,四川
天津工业大学,计算机科学与技术,148,B+,36.5,天津
中北大学,计算机科学与技术,148,B+,36.5,山西
南京工业大学,计算机科学与技术,150,B+,36.3,江苏
浙江理工大学,计算机科学与技术,151,B+,36.2,浙江
华中农业大学,计算机科学与技术,152,B+,35.7,湖北
江西财经大学,计算机科学与技术,152,B+,35.7,江西
辽宁师范大学,计算机科学与技术,154,B+,35.2,辽宁
湖北大学,计算机科学与技术,155,B+,35.1,湖北
上海财经大学,计算机科学与技术,155,B+,35.1,上海
辽宁大学,计算机科学与技术,157,B+,34.8,辽宁
香港中文大学（深圳）,计算机科学与技术,157,B+,34.8,广东
哈尔滨理工大学,计算机科学与技术,159,B+,34.6,黑龙江
吉林农业大学,计算机科学与技术,159,B+,34.6,吉林
山东工商学院,计算机科学与技术,161,B+,34.5,山东
河南大学,计算机科学与技术,162,B+,34.4,河南
东莞理工学院,计算机科学与技术,163,B+,34.3,广东
温州大学,计算机科学与技术,163,B+,34.3,浙江
华侨大学,计算机科学与技术,165,B+,34.1,福建
南京林业大学,计算机科学与技术,166,B+,33.9,江苏
西北师范大学,计算机科学与技术,166,B+,33.9,甘肃
中南财经政法大学,计算机科学与技术,166,B+,33.9,湖北
上海师范大学,计算机科学与技术,169,B+,33.8,上海
中南民族大学,计算机科学与技术,170,B+,33.7,湖北
安徽农业大学,计算机科学与技术,171,B+,33.6,安徽
广东外语外贸大学,计算机科学与技术,171,B+,33.6,广东
北京工商大学,计算机科学与技术,173,B+,33.4,北京
曲阜师范大学,计算机科学与技术,173,B+,33.4,山东
郑州轻工业大学,计算机科学与技术,173,B+,33.4,河南
重庆理工大学,计算机科学与技术,176,B+,33.3,重庆
东北林业大学,计算机科学与技术,176,B+,33.3,黑龙江
南京审计大学,计算机科学与技术,176,B+,33.3,江苏
青海大学,计算机科学与技术,176,B+,33.3,青海
常州大学,计算机科学与技术,180,B+,33.2,江苏
重庆交通大学,计算机科学与技术,180,B+,33.2,重庆
大连大学,计算机科学与技术,180,B+,33.2,辽宁
黑龙江大学,计算机科学与技术,183,B+,33.1,黑龙江
上海海洋大学,计算机科学与技术,183,B+,33.1,上海
北京语言大学,计算机科学与技术,185,B+,33,北京
河北大学,计算机科学与技术,185,B+,33,河北
河南科技大学,计算机科学与技术,185,B+,33,河南
沈阳航空航天大学,计算机科学与技术,185,B+,33,辽宁
北京石油化工学院,计算机科学与技术,189,B+,32.9,北京
南通大学,计算机科学与技术,189,B+,32.9,江苏
东北农业大学,计算机科学与技术,191,B+,32.8,黑龙江
浙江农林大学,计算机科学与技术,191,B+,32.8,浙江
安徽工业大学,计算机科学与技术,193,B+,32.6,安徽
山东理工大学,计算机科学与技术,194,B+,32.5,山东
浙大城市学院,计算机科学与技术,194,B+,32.5,浙江
广西师范大学,计算机科学与技术,196,B+,32.4,广西
石河子大学,计算机科学与技术,196,B+,32.4,新疆
安徽师范大学,计算机科学与技术,198,B+,32.3,安徽
青岛理工大学,计算机科学与技术,198,B+,32.3,山东
集美大学,计算机科学与技术,200,B+,32.2,福建
江苏科技大学,计算机科学与技术,200,B+,32.2,江苏
中国计量大学,计算机科学与技术,200,B+,32.2,浙江
北京外国语大学,计算机科学与技术,203,B+,32.1,北京
沈阳工业大学,计算机科学与技术,203,B+,32.1,辽宁
浙江科技大学,计算机科学与技术,203,B+,32.1,浙江
北京联合大学,计算机科学与技术,206,B+,31.9,北京
苏州科技大学,计算机科学与技术,206,B+,31.9,江苏
合肥大学,计算机科学与技术,208,B+,31.8,安徽
青岛科技大学,计算机科学与技术,208,B+,31.8,山东
上海第二工业大学,计算机科学与技术,208,B+,31.8,上海
烟台大学,计算机科学与技术,208,B+,31.8,山东
东北石油大学,计算机科学与技术,212,B+,31.7,黑龙江
河南理工大学,计算机科学与技术,212,B+,31.7,河南
武汉纺织大学,计算机科学与技术,212,B+,31.7,湖北
西安工程大学,计算机科学与技术,212,B+,31.7,陕西
湖州师范学院,计算机科学与技术,216,B+,31.6,浙江
安徽理工大学,计算机科学与技术,217,B+,31.5,安徽
福建农林大学,计算机科学与技术,218,B+,31.4,福建
天津师范大学,计算机科学与技术,218,B+,31.4,天津
安徽工程大学,计算机科学与技术,220,B+,31.3,安徽
东华理工大学,计算机科学与技术,220,B+,31.3,江西
厦门理工学院,计算机科学与技术,220,B+,31.3,福建
上海工程技术大学,计算机科学与技术,223,B+,31.1,上海
四川农业大学,计算机科学与技术,223,B+,31.1,四川
西北农林科技大学,计算机科学与技术,223,B+,31.1,陕西
福建理工大学,计算机科学与技术,226,B+,31,福建
华北水利水电大学,计算机科学与技术,226,B+,31,河南
西安石油大学,计算机科学与技术,226,B+,31,陕西
淮北师范大学,计算机科学与技术,229,B+,30.9,安徽
首都经济贸易大学,计算机科学与技术,230,B+,30.7,北京
太原科技大学,计算机科学与技术,230,B+,30.7,山西
长春工业大学,计算机科学与技术,232,B+,30.6,吉林
安徽财经大学,计算机科学与技术,233,B+,30.5,安徽
北京建筑大学,计算机科学与技术,233,B+,30.5,北京
长江大学,计算机科学与技术,233,B+,30.5,湖北
兰州交通大学,计算机科学与技术,233,B+,30.5,甘肃
山东财经大学,计算机科学与技术,233,B+,30.5,山东
海南师范大学,计算机科学与技术,238,B+,30.4,海南
西南科技大学,计算机科学与技术,239,B+,30.3,四川
北方民族大学,计算机科学与技术,240,B+,30.2,宁夏
江西理工大学,计算机科学与技术,240,B+,30.2,江西
四川师范大学,计算机科学与技术,240,B+,30.2,四川
西安建筑科技大学,计算机科学与技术,240,B+,30.2,陕西
中国民航大学,计算机科学与技术,244,B+,30.1,天津
河南师范大学,计算机科学与技术,245,B+,30,河南
山西财经大学,计算机科学与技术,246,B+,29.9,山西
石家庄铁道大学,计算机科学与技术,246,B+,29.9,河北
云南师范大学,计算机科学与技术,246,B+,29.9,云南
河北师范大学,计算机科学与技术,249,B+,29.8,河北
苏州工学院,计算机科学与技术,249,B+,29.8,江苏
山东建筑大学,计算机科学与技术,251,B+,29.7,山东
西华大学,计算机科学与技术,251,B+,29.7,四川
上海应用技术大学,计算机科学与技术,253,B+,29.6,上海
安徽建筑大学,计算机科学与技术,254,B+,29.5,安徽
延边大学,计算机科学与技术,254,B+,29.5,吉林
桂林理工大学,计算机科学与技术,256,B+,29.4,广西
江苏海洋大学,计算机科学与技术,256,B+,29.4,江苏
中南林业科技大学,计算机科学与技术,256,B+,29.4,湖南
成都理工大学,计算机科学与技术,259,B+,29.3,四川
湖南工业大学,计算机科学与技术,259,B+,29.3,湖南
湖南农业大学,计算机科学与技术,261,B+,29.2,湖南
南昌航空大学,计算机科学与技术,261,B+,29.2,江西
中原工学院,计算机科学与技术,261,B+,29.2,河南
大连工业大学,计算机科学与技术,264,B+,29.1,辽宁
陕西科技大学,计算机科学与技术,264,B+,29.1,陕西
天津财经大学,计算机科学与技术,264,B+,29.1,天津
西南民族大学,计算机科学与技术,264,B+,29.1,四川
常州工学院,计算机科学与技术,268,B+,29,江苏
兰州理工大学,计算机科学与技术,268,B+,29,甘肃
西华师范大学,计算机科学与技术,268,B+,29,四川
淮阴工学院,计算机科学与技术,271,B+,28.9,江苏
金陵科技学院,计算机科学与技术,271,B+,28.9,江苏
湖南工商大学,计算机科学与技术,273,B+,28.8,湖南
延安大学,计算机科学与技术,273,B+,28.8,陕西
大连民族大学,计算机科学与技术,275,B+,28.7,辽宁
江汉大学,计算机科学与技术,275,B+,28.7,湖北
沈阳化工大学,计算机科学与技术,277,B+,28.6,辽宁
佛山大学,计算机科学与技术,278,B+,28.4,广东
河北工程大学,计算机科学与技术,278,B+,28.4,河北
河北科技大学,计算机科学与技术,280,B+,28.3,河北
河南农业大学,计算机科学与技术,280,B+,28.3,河南
南京中医药大学,计算机科学与技术,280,B+,28.3,江苏
湖南中医药大学,计算机科学与技术,283,B+,28,湖南
嘉兴大学,计算机科学与技术,283,B+,28,浙江
南京工程学院,计算机科学与技术,283,B+,28,江苏
广东海洋大学,计算机科学与技术,286,B+,27.9,广东
武汉工程大学,计算机科学与技术,286,B+,27.9,湖北
五邑大学,计算机科学与技术,286,B+,27.9,广东
临沂大学,计算机科学与技术,289,B+,27.8,山东
鲁东大学,计算机科学与技术,289,B+,27.8,山东
吉首大学,计算机科学与技术,291,B+,27.7,湖南
辽宁工程技术大学,计算机科学与技术,292,B,27.6,辽宁
辽宁石油化工大学,计算机科学与技术,292,B,27.6,辽宁
重庆师范大学,计算机科学与技术,294,B,27.5,重庆
沈阳建筑大学,计算机科学与技术,294,B,27.5,辽宁
北京物资学院,计算机科学与技术,296,B,27.4,北京
河北农业大学,计算机科学与技术,296,B,27.4,河北
黑龙江工程学院,计算机科学与技术,296,B,27.4,黑龙江
内蒙古工业大学,计算机科学与技术,296,B,27.4,内蒙古
宁波工程学院,计算机科学与技术,296,B,27.4,浙江
上海电机学院,计算机科学与技术,296,B,27.4,上海
中国民用航空飞行学院,计算机科学与技术,296,B,27.4,四川
华北理工大学,计算机科学与技术,303,B,27.2,河北
北华航天工业学院,计算机科学与技术,304,B,27.1,河北
赣南师范大学,计算机科学与技术,305,B,27,江西
湖南理工学院,计算机科学与技术,305,B,27,湖南
辽宁工业大学,计算机科学与技术,305,B,27,辽宁
山东农业大学,计算机科学与技术,305,B,27,山东
哈尔滨师范大学,计算机科学与技术,309,B,26.8,黑龙江
南京晓庄学院,计算机科学与技术,309,B,26.8,江苏
陕西理工大学,计算机科学与技术,309,B,26.8,陕西
沈阳理工大学,计算机科学与技术,309,B,26.8,辽宁
潍坊学院,计算机科学与技术,309,B,26.8,山东
安庆师范大学,计算机科学与技术,314,B,26.7,安徽
仲恺农业工程学院,计算机科学与技术,314,B,26.7,广东
河南财经政法大学,计算机科学与技术,316,B,26.4,河南
皖西学院,计算机科学与技术,316,B,26.4,安徽
华东政法大学,计算机科学与技术,318,B,26.3,上海
西安财经大学,计算机科学与技术,318,B,26.3,陕西
郑州航空工业管理学院,计算机科学与技术,318,B,26.3,河南
渤海大学,计算机科学与技术,321,B,26.2,辽宁
湖北民族大学,计算机科学与技术,321,B,26.2,湖北
大连海洋大学,计算机科学与技术,323,B,26.1,辽宁
闽南师范大学,计算机科学与技术,323,B,26.1,福建
内蒙古民族大学,计算机科学与技术,323,B,26.1,内蒙古
江苏理工学院,计算机科学与技术,326,B,26,江苏
内蒙古师范大学,计算机科学与技术,326,B,26,内蒙古
宁波诺丁汉大学,计算机科学与技术,326,B,26,浙江
沈阳工程学院,计算机科学与技术,329,B,25.9,辽宁
北京印刷学院,计算机科学与技术,330,B,25.8,北京
河北地质大学,计算机科学与技术,330,B,25.8,河北
闽江学院,计算机科学与技术,330,B,25.8,福建
江西水利电力大学,计算机科学与技术,330,B,25.8,江西
齐齐哈尔大学,计算机科学与技术,330,B,25.8,黑龙江
南宁师范大学,计算机科学与技术,335,B,25.7,广西
安徽科技学院,计算机科学与技术,336,B,25.6,安徽
北华大学,计算机科学与技术,337,B,25.5,吉林
大连交通大学,计算机科学与技术,337,B,25.5,辽宁
沈阳农业大学,计算机科学与技术,337,B,25.5,辽宁
吉林师范大学,计算机科学与技术,340,B,25.4,吉林
沈阳师范大学,计算机科学与技术,340,B,25.4,辽宁
盐城工学院,计算机科学与技术,340,B,25.4,江苏
贵州财经大学,计算机科学与技术,343,B,25.3,贵州
北师香港浸会大学,计算机科学与技术,344,B,25.2,广东
贵州师范大学,计算机科学与技术,344,B,25.2,贵州
衡阳师范学院,计算机科学与技术,344,B,25.2,湖南
聊城大学,计算机科学与技术,344,B,25.2,山东
天津职业技术师范大学,计算机科学与技术,344,B,25.2,天津
阜阳师范大学,计算机科学与技术,349,B,25.1,安徽
莆田学院,计算机科学与技术,349,B,25.1,福建
山西农业大学,计算机科学与技术,349,B,25.1,山西
合肥师范学院,计算机科学与技术,352,B,25,安徽
惠州学院,计算机科学与技术,352,B,25,广东
广西民族大学,计算机科学与技术,354,B,24.9,广西
湖北师范大学,计算机科学与技术,354,B,24.9,湖北
长沙学院,计算机科学与技术,356,B,24.8,湖南
湖南科技学院,计算机科学与技术,356,B,24.8,湖南
江西中医药大学,计算机科学与技术,356,B,24.8,江西
天津城建大学,计算机科学与技术,356,B,24.8,天津
贵州民族大学,计算机科学与技术,360,B,24.7,贵州
广东财经大学,计算机科学与技术,361,B,24.6,广东
江苏师范大学,计算机科学与技术,361,B,24.6,江苏
内蒙古农业大学,计算机科学与技术,361,B,24.6,内蒙古
大理大学,计算机科学与技术,364,B,24.5,云南
浙江财经大学,计算机科学与技术,364,B,24.5,浙江
景德镇陶瓷大学,计算机科学与技术,366,B,24.4,江西
深圳技术大学,计算机科学与技术,367,B,24.3,广东
太原师范学院,计算机科学与技术,367,B,24.3,山西
重庆工商大学,计算机科学与技术,369,B,24.2,重庆
黑龙江科技大学,计算机科学与技术,370,B,24.1,黑龙江
浙江海洋大学,计算机科学与技术,370,B,24.1,浙江
浙大宁波理工学院,计算机科学与技术,372,B,24,浙江
云南民族大学,计算机科学与技术,373,B,23.9,云南
徐州工程学院,计算机科学与技术,374,B,23.8,江苏
湖北科技学院,计算机科学与技术,375,B,23.7,湖北
天津科技大学,计算机科学与技术,375,B,23.7,天津
武汉轻工大学,计算机科学与技术,375,B,23.7,湖北
西南林业大学,计算机科学与技术,375,B,23.7,云南
西藏民族大学,计算机科学与技术,375,B,23.7,西藏
云南农业大学,计算机科学与技术,375,B,23.7,云南
肇庆学院,计算机科学与技术,375,B,23.7,广东
重庆文理学院,计算机科学与技术,382,B,23.6,重庆
湖南第一师范学院,计算机科学与技术,382,B,23.6,湖南
山东中医药大学,计算机科学与技术,382,B,23.6,山东
广东技术师范大学,计算机科学与技术,385,B,23.5,广东
河北经贸大学,计算机科学与技术,385,B,23.5,河北
河南工业大学,计算机科学与技术,385,B,23.5,河南
湖北经济学院,计算机科学与技术,385,B,23.5,湖北
重庆科技大学,计算机科学与技术,389,B,23.4,重庆
青海民族大学,计算机科学与技术,389,B,23.4,青海
山西大同大学,计算机科学与技术,391,B,23.3,山西
湖北汽车工业学院,计算机科学与技术,392,B,23.2,湖北
山东航空学院,计算机科学与技术,392,B,23.2,山东
温州肯恩大学,计算机科学与技术,392,B,23.2,浙江
天津农学院,计算机科学与技术,395,B,23,天津
成都师范学院,计算机科学与技术,396,B,22.9,四川
滁州学院,计算机科学与技术,396,B,22.9,安徽
上海立信会计金融学院,计算机科学与技术,396,B,22.9,上海
徐州医科大学,计算机科学与技术,396,B,22.9,江苏
成都工业学院,计算机科学与技术,400,B,22.8,四川
广西科技大学,计算机科学与技术,400,B,22.8,广西
江西农业大学,计算机科学与技术,400,B,22.8,江西
内蒙古财经大学,计算机科学与技术,400,B,22.8,内蒙古
浙江中医药大学,计算机科学与技术,400,B,22.8,浙江
四川轻化工大学,计算机科学与技术,405,B,22.7,四川
云南财经大学,计算机科学与技术,405,B,22.7,云南
重庆第二师范学院,计算机科学与技术,407,B,22.6,重庆
大连外国语大学,计算机科学与技术,407,B,22.6,辽宁
青岛农业大学,计算机科学与技术,407,B,22.6,山东
辽宁科技大学,计算机科学与技术,410,B,22.3,辽宁
绍兴文理学院,计算机科学与技术,410,B,22.3,浙江
广东金融学院,计算机科学与技术,412,B,22.2,广东
哈尔滨商业大学,计算机科学与技术,412,B,22.2,黑龙江
广东石油化工学院,计算机科学与技术,414,B,22.1,广东
长江师范学院,计算机科学与技术,415,B,22,重庆
甘肃农业大学,计算机科学与技术,415,B,22,甘肃
绵阳师范学院,计算机科学与技术,415,B,22,四川
南昌师范学院,计算机科学与技术,415,B,22,江西
山东交通学院,计算机科学与技术,415,B,22,山东
台州学院,计算机科学与技术,415,B,22,浙江
铜陵学院,计算机科学与技术,415,B,22,安徽
西交利物浦大学,计算机科学与技术,415,B,22,江苏
湖南城市学院,计算机科学与技术,423,B,21.9,湖南
泉州师范学院,计算机科学与技术,423,B,21.9,福建
无锡学院,计算机科学与技术,423,B,21.9,江苏
长春师范大学,计算机科学与技术,426,B,21.8,吉林
丽水学院,计算机科学与技术,426,B,21.8,浙江
江苏第二师范学院,计算机科学与技术,428,B,21.7,江苏
榆林学院,计算机科学与技术,428,B,21.7,陕西
湖北第二师范学院,计算机科学与技术,430,B,21.6,湖北
温州理工学院,计算机科学与技术,430,B,21.6,浙江
西北民族大学,计算机科学与技术,430,B,21.6,甘肃
安徽中医药大学,计算机科学与技术,433,B,21.5,安徽
河北建筑工程学院,计算机科学与技术,434,B,21.4,河北
湖北工程学院,计算机科学与技术,434,B,21.4,湖北
江西科技师范大学,计算机科学与技术,434,B,21.4,江西
井冈山大学,计算机科学与技术,434,B,21.4,江西
内蒙古科技大学包头师范学院,计算机科学与技术,434,B,21.4,内蒙古
宜宾学院,计算机科学与技术,434,B,21.4,四川
蚌埠学院,计算机科学与技术,440,B,21.3,安徽
南阳理工学院,计算机科学与技术,440,B,21.3,河南
苏州城市学院,计算机科学与技术,440,B,21.3,江苏
长春大学,计算机科学与技术,443,B,21.2,吉林
上海商学院,计算机科学与技术,443,B,21.2,上海
东北财经大学,计算机科学与技术,445,B,21.1,辽宁
湖北理工学院,计算机科学与技术,445,B,21.1,湖北
湖南工程学院,计算机科学与技术,445,B,21.1,湖南
佳木斯大学,计算机科学与技术,445,B,21.1,黑龙江
重庆三峡学院,计算机科学与技术,449,B,21,重庆
广东第二师范学院,计算机科学与技术,449,B,21,广东
湖北文理学院,计算机科学与技术,449,B,21,湖北
湖南财政经济学院,计算机科学与技术,449,B,21,湖南
湘南学院,计算机科学与技术,449,B,21,湖南
浙江树人学院,计算机科学与技术,449,B,21,浙江
新疆师范大学,计算机科学与技术,455,B,20.9,新疆
贵阳学院,计算机科学与技术,456,B,20.6,贵州
洛阳师范学院,计算机科学与技术,456,B,20.6,河南
云南警官学院,计算机科学与技术,456,B,20.6,云南
北部湾大学,计算机科学与技术,459,B,20.5,广西
宁夏师范大学,计算机科学与技术,459,B,20.5,宁夏
邵阳学院,计算机科学与技术,459,B,20.5,湖南
太原工业学院,计算机科学与技术,462,B,20.4,山西
信阳师范大学,计算机科学与技术,462,B,20.4,河南
甘肃政法大学,计算机科学与技术,464,B,20.3,甘肃
昆明学院,计算机科学与技术,464,B,20.3,云南
山东第一医科大学,计算机科学与技术,466,B,20.2,山东
淮南师范学院,计算机科学与技术,467,B,20.1,安徽
吉林建筑大学,计算机科学与技术,467,B,20.1,吉林
山西师范大学,计算机科学与技术,467,B,20.1,山西
天津商业大学,计算机科学与技术,467,B,20.1,天津
渭南师范学院,计算机科学与技术,471,B,20,陕西
运城学院,计算机科学与技术,471,B,20,山西
浙江外国语学院,计算机科学与技术,471,B,20,浙江
怀化学院,计算机科学与技术,474,B,19.9,湖南
上海纽约大学,计算机科学与技术,475,B,19.8,上海
兰州财经大学,计算机科学与技术,476,B,19.7,甘肃
吉林财经大学,计算机科学与技术,477,B,19.6,吉林
宿迁学院,计算机科学与技术,477,B,19.6,江苏
浙江万里学院,计算机科学与技术,477,B,19.6,浙江
河西学院,计算机科学与技术,480,B,19.5,甘肃
吉林工程技术师范学院,计算机科学与技术,480,B,19.5,吉林
岭南师范学院,计算机科学与技术,482,B,19.4,广东
洛阳理工学院,计算机科学与技术,482,B,19.4,河南
攀枝花学院,计算机科学与技术,482,B,19.4,四川
泰州学院,计算机科学与技术,482,B,19.4,江苏
珠海科技学院,计算机科学与技术,482,B,19.4,广东
清华大学,软件工程,1,A+,68.8,北京
哈尔滨工业大学,软件工程,2,A+,64.8,黑龙江
上海交通大学,软件工程,3,A+,63.9,上海
北京大学,软件工程,4,A+,63.5,北京
华东师范大学,软件工程,5,A+,63.4,上海
南京大学,软件工程,6,A+,63.1,江苏
北京航空航天大学,软件工程,7,A+,63,北京
浙江大学,软件工程,8,A+,62.8,浙江
西北工业大学,软件工程,9,A+,62.7,陕西
大连理工大学,软件工程,10,A+,62.3,辽宁
电子科技大学,软件工程,11,A+,62.2,四川
东南大学,软件工程,12,A+,60.3,江苏
华中科技大学,软件工程,12,A+,60.3,湖北
北京理工大学,软件工程,14,A,60.2,北京
天津大学,软件工程,14,A,60.2,天津
西安电子科技大学,软件工程,16,A,59.4,陕西
东北大学,软件工程,17,A,59.3,辽宁
复旦大学,软件工程,18,A,58.8,上海
同济大学,软件工程,18,A,58.8,上海
山东大学,软件工程,20,A,58.7,山东
中南大学,软件工程,21,A,58.3,湖南
湖南大学,软件工程,22,A,57.2,湖南
武汉大学,软件工程,22,A,57.2,湖北
华南理工大学,软件工程,24,A,56.6,广东
北京交通大学,软件工程,25,A,56.5,北京
重庆大学,软件工程,26,A,56.4,重庆
北京邮电大学,软件工程,27,A,55.2,北京
西安交通大学,软件工程,27,A,55.2,陕西
中山大学,软件工程,29,A,54.8,广东
深圳大学,软件工程,30,A,54.6,广东
四川大学,软件工程,30,A,54.6,四川
吉林大学,软件工程,32,A,52.9,吉林
南京理工大学,软件工程,33,A,52.2,江苏
厦门大学,软件工程,33,A,52.2,福建
北京工业大学,软件工程,35,A,52,北京
杭州电子科技大学,软件工程,36,A,51.8,浙江
苏州大学,软件工程,37,A,51.7,江苏
南京航空航天大学,软件工程,38,A,50.9,江苏
南开大学,软件工程,39,A,50.5,天津
西南交通大学,软件工程,40,A,49.8,四川
中国地质大学（武汉）,软件工程,41,A,48.5,湖北
中国人民大学,软件工程,41,A,48.5,北京
重庆邮电大学,软件工程,43,A,48.4,重庆
哈尔滨工程大学,软件工程,44,A,48,黑龙江
贵州大学,软件工程,45,A,47.5,贵州
郑州大学,软件工程,45,A,47.5,河南
合肥工业大学,软件工程,47,A,46.5,安徽
新疆大学,软件工程,47,A,46.5,新疆
云南大学,软件工程,47,A,46.5,云南
南京邮电大学,软件工程,50,A,46.4,江苏
西北大学,软件工程,51,A,46.2,陕西
浙江工业大学,软件工程,51,A,46.2,浙江
广东工业大学,软件工程,53,A,45.8,广东
东华大学,软件工程,54,A,45.6,上海
安徽大学,软件工程,55,A,45.2,安徽
华南师范大学,软件工程,55,A,45.2,广东
南京信息工程大学,软件工程,55,A,45.2,江苏
福州大学,软件工程,58,A,44.6,福建
武汉理工大学,软件工程,59,A,44.3,湖北
青岛大学,软件工程,60,A,44.1,山东
陕西师范大学,软件工程,61,A,43.8,陕西
南昌航空大学,软件工程,62,A,43.6,江西
华东理工大学,软件工程,63,A,43.5,上海
南昌大学,软件工程,63,A,43.5,江西
长沙理工大学,软件工程,65,A,43.4,湖南
北京联合大学,软件工程,66,B+,43.3,北京
中国石油大学（华东）,软件工程,67,B+,43.1,山东
华中师范大学,软件工程,68,B+,42.9,湖北
华侨大学,软件工程,69,B+,42.8,福建
齐鲁工业大学,软件工程,70,B+,42.5,山东
武汉科技大学,软件工程,70,B+,42.5,湖北
西南大学,软件工程,72,B+,42.1,重庆
山东科技大学,软件工程,73,B+,41,山东
湖南师范大学,软件工程,74,B+,40.9,湖南
杭州师范大学,软件工程,75,B+,40.8,浙江
广西师范大学,软件工程,76,B+,40.7,广西
河北工业大学,软件工程,77,B+,40.5,河北
江苏大学,软件工程,77,B+,40.5,江苏
中央民族大学,软件工程,77,B+,40.5,北京
桂林电子科技大学,软件工程,80,B+,40.3,广西
河海大学,软件工程,81,B+,40.2,江苏
中国海洋大学,软件工程,81,B+,40.2,山东
暨南大学,软件工程,83,B+,40.1,广东
西安理工大学,软件工程,84,B+,40,陕西
西安邮电大学,软件工程,84,B+,40,陕西
浙江工商大学,软件工程,86,B+,39.8,浙江
广州大学,软件工程,87,B+,39.7,广东
华南农业大学,软件工程,87,B+,39.7,广东
河南大学,软件工程,89,B+,39.6,河南
天津工业大学,软件工程,89,B+,39.6,天津
中北大学,软件工程,89,B+,39.6,山西
山西大学,软件工程,92,B+,39.5,山西
安徽工程大学,软件工程,93,B+,39.4,安徽
湖北工业大学,软件工程,93,B+,39.4,湖北
扬州大学,软件工程,95,B+,39,江苏
大连海事大学,软件工程,96,B+,38.9,辽宁
浙江师范大学,软件工程,96,B+,38.9,浙江
青岛科技大学,软件工程,98,B+,38.8,山东
中国矿业大学,软件工程,98,B+,38.8,江苏
西安工业大学,软件工程,100,B+,38.5,陕西
湘潭大学,软件工程,100,B+,38.5,湖南
北京信息科技大学,软件工程,102,B+,38,北京
内蒙古大学,软件工程,103,B+,37.8,内蒙古
郑州轻工业大学,软件工程,104,B+,37.7,河南
海南大学,软件工程,105,B+,37.6,海南
成都大学,软件工程,106,B+,37.1,四川
南京财经大学,软件工程,106,B+,37.1,江苏
燕山大学,软件工程,106,B+,37.1,河北
华东交通大学,软件工程,109,B+,37,江西
华北电力大学,软件工程,110,B+,36.9,北京
东莞理工学院,软件工程,111,B+,36.6,广东
长春理工大学,软件工程,112,B+,36.5,吉林
成都信息工程大学,软件工程,112,B+,36.5,四川
太原理工大学,软件工程,114,B+,36.3,山西
福建师范大学,软件工程,115,B+,36.1,福建
江西师范大学,软件工程,115,B+,36.1,江西
武汉工程大学,软件工程,117,B+,36,湖北
西北农林科技大学,软件工程,118,B+,35.9,陕西
中国地质大学（北京）,软件工程,118,B+,35.9,北京
湖北大学,软件工程,120,B+,35.8,湖北
集美大学,软件工程,120,B+,35.8,福建
山东建筑大学,软件工程,122,B+,35.6,山东
长安大学,软件工程,123,B+,35.3,陕西
湖南科技大学,软件工程,124,B+,35.2,湖南
大连大学,软件工程,125,B+,35.1,辽宁
宁夏大学,软件工程,126,B+,34.4,宁夏
南华大学,软件工程,127,B+,34.3,湖南
东北林业大学,软件工程,128,B+,34.2,黑龙江
西安科技大学,软件工程,129,B+,33.9,陕西
上海应用技术大学,软件工程,130,B+,33.6,上海
西南科技大学,软件工程,131,B+,33.2,四川
北京工商大学,软件工程,132,B+,33.1,北京
福建农林大学,软件工程,132,B+,33.1,福建
江西财经大学,软件工程,134,B+,32.9,江西
东北电力大学,软件工程,135,B+,32.8,吉林
江苏科技大学,软件工程,136,B+,32.7,江苏
中南林业科技大学,软件工程,136,B+,32.7,湖南
常州大学,软件工程,138,B+,32.5,江苏
西南石油大学,软件工程,138,B+,32.5,四川
辽宁工程技术大学,软件工程,140,B+,32.4,辽宁
青海师范大学,软件工程,140,B+,32.4,青海
天津理工大学,软件工程,142,B+,32.3,天津
上海电力大学,软件工程,143,B+,32.2,上海
中国石油大学（北京）,软件工程,144,B+,31.8,北京
合肥大学,软件工程,145,B+,31.7,安徽
西北师范大学,软件工程,145,B+,31.7,甘肃
南京审计大学,软件工程,147,B+,31.5,江苏
成都理工大学,软件工程,148,B+,31.4,四川
南京中医药大学,软件工程,148,B+,31.4,江苏
沈阳航空航天大学,软件工程,150,B+,31.2,辽宁
天津科技大学,软件工程,150,B+,31.2,天津
南通大学,软件工程,152,B+,31.1,江苏
哈尔滨理工大学,软件工程,153,B+,31,黑龙江
安徽工业大学,软件工程,154,B+,30.9,安徽
重庆理工大学,软件工程,155,B+,30.8,重庆
金陵科技学院,软件工程,156,B+,30.6,江苏
烟台大学,软件工程,156,B+,30.6,山东
长春工业大学,软件工程,158,B+,30.5,吉林
西安石油大学,软件工程,158,B+,30.5,陕西
上海第二工业大学,软件工程,160,B+,30.3,上海
四川师范大学,软件工程,160,B+,30.3,四川
兰州交通大学,软件工程,162,B+,30.2,甘肃
曲阜师范大学,软件工程,162,B+,30.2,山东
福建理工大学,软件工程,164,B+,30,福建
青岛理工大学,软件工程,164,B+,30,山东
河北大学,软件工程,166,B+,29.9,河北
辽宁工业大学,软件工程,166,B+,29.9,辽宁
浙江理工大学,软件工程,166,B+,29.9,浙江
湖南工商大学,软件工程,169,B+,29.8,湖南
广东外语外贸大学,软件工程,170,B+,29.7,广东
浙江财经大学,软件工程,171,B+,29.5,浙江
江苏理工学院,软件工程,172,B+,29.4,江苏
上海电机学院,软件工程,173,B+,29.3,上海
长江大学,软件工程,174,B+,29.2,湖北
辽宁石油化工大学,软件工程,174,B+,29.2,辽宁
中南民族大学,软件工程,174,B+,29.2,湖北
武汉纺织大学,软件工程,177,B+,29.1,湖北
山东工商学院,软件工程,178,B+,29,山东
东华理工大学,软件工程,179,B+,28.9,江西
常州工学院,软件工程,180,B+,28.8,江苏
大连交通大学,软件工程,181,B+,28.5,辽宁
桂林理工大学,软件工程,181,B+,28.5,广西
安徽师范大学,软件工程,183,B+,28.4,安徽
江苏师范大学,软件工程,183,B+,28.4,江苏
上海海洋大学,软件工程,183,B+,28.4,上海
重庆师范大学,软件工程,186,B+,28.3,重庆
天津师范大学,软件工程,186,B+,28.3,天津
临沂大学,软件工程,188,B+,28.2,山东
浙大城市学院,软件工程,188,B+,28.2,浙江
东北石油大学,软件工程,190,B+,27.9,黑龙江
南京工程学院,软件工程,191,B+,27.8,江苏
山东理工大学,软件工程,191,B+,27.8,山东
华北水利水电大学,软件工程,193,B+,27.7,河南
西华大学,软件工程,194,B+,27.6,四川
太原科技大学,软件工程,195,B+,27.4,山西
北华大学,软件工程,196,B+,27.3,吉林
沈阳师范大学,软件工程,196,B+,27.3,辽宁
西安工程大学,软件工程,196,B+,27.3,陕西
东北农业大学,软件工程,199,B,27.2,黑龙江
吉首大学,软件工程,199,B,27.2,湖南
浙江科技大学,软件工程,199,B,27.2,浙江
石家庄铁道大学,软件工程,202,B,27.1,河北
西南民族大学,软件工程,203,B,26.9,四川
厦门理工学院,软件工程,204,B,26.8,福建
长沙学院,软件工程,205,B,26.7,湖南
河北地质大学,软件工程,205,B,26.7,河北
江苏海洋大学,软件工程,205,B,26.7,江苏
江西理工大学,软件工程,208,B,26.4,江西
广东海洋大学,软件工程,209,B,26.3,广东
延安大学,软件工程,209,B,26.3,陕西
广东技术师范大学,软件工程,211,B,26.2,广东
西安财经大学,软件工程,211,B,26.2,陕西
安徽理工大学,软件工程,213,B,26.1,安徽
淮阴工学院,软件工程,213,B,26.1,江苏
鲁东大学,软件工程,213,B,26.1,山东
河北经贸大学,软件工程,216,B,26,河北
北方民族大学,软件工程,217,B,25.9,宁夏
重庆文理学院,软件工程,217,B,25.9,重庆
海南师范大学,软件工程,217,B,25.9,海南
贵州财经大学,软件工程,220,B,25.7,贵州
渤海大学,软件工程,221,B,25.5,辽宁
黑龙江大学,软件工程,221,B,25.5,黑龙江
石河子大学,软件工程,223,B,25.3,新疆
宜宾学院,软件工程,223,B,25.3,四川
广东财经大学,软件工程,225,B,25.2,广东
惠州学院,软件工程,225,B,25.2,广东
沈阳工业大学,软件工程,225,B,25.2,辽宁
天津财经大学,软件工程,225,B,25.2,天津
合肥师范学院,软件工程,229,B,25,安徽
大连民族大学,软件工程,230,B,24.9,辽宁
闽南师范大学,软件工程,230,B,24.9,福建
沈阳化工大学,软件工程,230,B,24.9,辽宁
长春大学,软件工程,233,B,24.7,吉林
湖南理工学院,软件工程,233,B,24.7,湖南
武汉轻工大学,软件工程,233,B,24.7,湖北
河南师范大学,软件工程,236,B,24.5,河南
湖北经济学院,软件工程,236,B,24.5,湖北
泰山学院,软件工程,236,B,24.5,山东
聊城大学,软件工程,239,B,24.4,山东
河北师范大学,软件工程,240,B,24.3,河北
湖南工业大学,软件工程,241,B,24.2,湖南
中原工学院,软件工程,241,B,24.2,河南
浙江万里学院,软件工程,243,B,24.1,浙江
天津中德应用技术大学,软件工程,244,B,24,天津
浙江传媒学院,软件工程,244,B,24,浙江
哈尔滨师范大学,软件工程,246,B,23.8,黑龙江
嘉兴大学,软件工程,247,B,23.7,浙江
西华师范大学,软件工程,247,B,23.7,四川
内蒙古农业大学,软件工程,249,B,23.6,内蒙古
五邑大学,软件工程,249,B,23.6,广东
河南工业大学,软件工程,251,B,23.5,河南
兰州理工大学,软件工程,251,B,23.5,甘肃
安阳师范学院,软件工程,253,B,23.3,河南
湖南科技学院,软件工程,253,B,23.3,湖南
攀枝花学院,软件工程,255,B,23.1,四川
苏州工学院,软件工程,255,B,23.1,江苏
肇庆学院,软件工程,255,B,23.1,广东
贵阳学院,软件工程,258,B,22.9,贵州
井冈山大学,软件工程,258,B,22.9,江西
河北工程大学,软件工程,260,B,22.8,河北
河南理工大学,软件工程,261,B,22.6,河南
江西农业大学,软件工程,261,B,22.6,江西
重庆科技大学,软件工程,263,B,22.4,重庆
湖北师范大学,软件工程,263,B,22.4,湖北
吉林师范大学,软件工程,263,B,22.4,吉林
四川轻化工大学,软件工程,263,B,22.4,四川
信阳师范大学,软件工程,267,B,22.3,河南
浙江水利水电学院,软件工程,267,B,22.3,浙江
河北科技大学,软件工程,269,B,22.2,河北
辽宁科技大学,软件工程,269,B,22.2,辽宁
阜阳师范大学,软件工程,271,B,22.1,安徽
黄冈师范学院,软件工程,271,B,22.1,湖北
盐城工学院,软件工程,271,B,22.1,江苏
河南财经政法大学,软件工程,274,B,22,河南
重庆三峡学院,软件工程,275,B,21.9,重庆
滁州学院,软件工程,275,B,21.9,安徽
湖南第一师范学院,软件工程,275,B,21.9,湖南
南京晓庄学院,软件工程,275,B,21.9,江苏
广西民族大学,软件工程,279,B,21.6,广西
内蒙古工业大学,软件工程,279,B,21.6,内蒙古
天津职业技术师范大学,软件工程,281,B,21.5,天津
黑龙江科技大学,软件工程,282,B,21.3,黑龙江
淮阴师范学院,软件工程,282,B,21.3,江苏
天津城建大学,软件工程,282,B,21.3,天津
闽江学院,软件工程,285,B,21.2,福建
南宁师范大学,软件工程,285,B,21.2,广西
广西科技大学,软件工程,287,B,21.1,广西
湖北文理学院,软件工程,287,B,21.1,湖北
河南科技大学,软件工程,289,B,21,河南
西安文理学院,软件工程,289,B,21,陕西
郑州航空工业管理学院,软件工程,289,B,21,河南
北华航天工业学院,软件工程,292,B,20.7,河北
湖北汽车工业学院,软件工程,292,B,20.7,湖北
衡阳师范学院,软件工程,294,B,20.5,湖南
黔南民族师范学院,软件工程,294,B,20.5,贵州
盐城师范学院,软件工程,294,B,20.5,江苏
哈尔滨商业大学,软件工程,297,B,20.4,黑龙江
湖北第二师范学院,软件工程,297,B,20.4,湖北
北京城市学院,软件工程,299,B,20.3,北京
天津农学院,软件工程,299,B,20.3,天津
怀化学院,软件工程,301,B,20.1,湖南
齐齐哈尔大学,软件工程,302,B,20,黑龙江
昆明学院,软件工程,303,B,19.7,云南
无锡学院,软件工程,303,B,19.7,江苏
山西农业大学,软件工程,305,B,19.6,山西
巢湖学院,软件工程,306,B,19.5,安徽
西北民族大学,软件工程,306,B,19.5,甘肃
莆田学院,软件工程,308,B,19.4,福建
湖南工学院,软件工程,309,B,19.3,湖南
武汉商学院,软件工程,309,B,19.3,湖北
宿迁学院,软件工程,311,B,19.2,江苏
海南热带海洋学院,软件工程,312,B,19.1,海南
河南科技学院,软件工程,313,B,19,河南
石家庄学院,软件工程,313,B,19,河北
徐州工程学院,软件工程,313,B,19,江苏
大连东软信息学院,软件工程,316,B,18.9,辽宁
大连外国语大学,软件工程,317,B,18.8,辽宁
哈尔滨学院,软件工程,318,B,18.7,黑龙江
宝鸡文理学院,软件工程,319,B,18.4,陕西
成都工业学院,软件工程,319,B,18.4,四川
河南工学院,软件工程,321,B,18.3,河南
黑龙江工程学院,软件工程,321,B,18.3,黑龙江
龙岩学院,软件工程,321,B,18.3,福建
潍坊学院,软件工程,321,B,18.3,山东
韩山师范学院,软件工程,325,B,18.2,广东
宿州学院,软件工程,325,B,18.2,安徽
平顶山学院,软件工程,327,B,17.9,河南
洛阳师范学院,软件工程,328,B,17.8,河南
天津商业大学,软件工程,328,B,17.8,天津
清华大学,人工智能,1,A+,70.3,北京
上海交通大学,人工智能,2,A+,61.6,上海
西安电子科技大学,人工智能,3,A+,58.3,陕西
中国科学技术大学,人工智能,4,A+,58.2,安徽
东南大学,人工智能,5,A+,56.8,江苏
南京大学,人工智能,6,A+,56.6,江苏
电子科技大学,人工智能,7,A+,56.4,四川
浙江大学,人工智能,8,A+,56.2,浙江
北京航空航天大学,人工智能,9,A+,56.1,北京
西安交通大学,人工智能,9,A+,56.1,陕西
华中科技大学,人工智能,11,A+,55.9,湖北
哈尔滨工业大学,人工智能,12,A+,55.5,黑龙江
西北工业大学,人工智能,13,A,54.6,陕西
北京大学,人工智能,14,A,54.4,北京
北京邮电大学,人工智能,15,A,52.1,北京
中山大学,人工智能,16,A,52,广东
复旦大学,人工智能,17,A,51.7,上海
四川大学,人工智能,18,A,51.2,四川
北京理工大学,人工智能,19,A,51.1,北京
湖南大学,人工智能,19,A,51.1,湖南
中南大学,人工智能,21,A,50.6,湖南
南京航空航天大学,人工智能,22,A,50,江苏
天津大学,人工智能,23,A,49.8,天津
同济大学,人工智能,24,A,49.1,上海
山东大学,人工智能,25,A,49,山东
武汉大学,人工智能,26,A,48.1,湖北
吉林大学,人工智能,27,A,47.4,吉林
重庆大学,人工智能,28,A,46.9,重庆
东北大学,人工智能,28,A,46.9,辽宁
中国人民大学,人工智能,28,A,46.9,北京
北京师范大学,人工智能,31,A,46.8,北京
华南理工大学,人工智能,32,A,46.7,广东
北京交通大学,人工智能,33,A,46.5,北京
北京科技大学,人工智能,34,A,45.8,北京
大连理工大学,人工智能,35,A,44.9,辽宁
厦门大学,人工智能,36,A,44.5,福建
苏州大学,人工智能,37,A,44.3,江苏
西南交通大学,人工智能,38,A,43.9,四川
南京邮电大学,人工智能,39,A,43.1,江苏
中国矿业大学,人工智能,40,A,42.9,江苏
杭州电子科技大学,人工智能,41,A,42.2,浙江
江南大学,人工智能,41,A,42.2,江苏
深圳大学,人工智能,43,A,41.9,广东
北京工业大学,人工智能,44,A,41.1,北京
哈尔滨工程大学,人工智能,45,A,41,黑龙江
福州大学,人工智能,46,A,40.8,福建
重庆邮电大学,人工智能,47,A,40.4,重庆
上海大学,人工智能,47,A,40.4,上海
中国农业大学,人工智能,47,A,40.4,北京
河海大学,人工智能,50,A,40.1,江苏
安徽大学,人工智能,51,A,39,安徽
武汉理工大学,人工智能,51,A,39,湖北
河北工业大学,人工智能,53,A,38.9,河北
南昌大学,人工智能,54,A,38.8,江西
南京信息工程大学,人工智能,55,A,38.5,江苏
华中师范大学,人工智能,56,A,38.3,湖北
西南大学,人工智能,57,A,37.8,重庆
陕西师范大学,人工智能,58,A,37.6,陕西
广州大学,人工智能,59,A,37.5,广东
兰州大学,人工智能,59,A,37.5,甘肃
大连海事大学,人工智能,61,A,37.1,辽宁
华东理工大学,人工智能,61,A,37.1,上海
海南大学,人工智能,63,B+,37,海南
暨南大学,人工智能,64,B+,36.3,广东
昆明理工大学,人工智能,65,B+,36,云南
云南大学,人工智能,65,B+,36,云南
广东工业大学,人工智能,67,B+,35.9,广东
郑州大学,人工智能,68,B+,35.5,河南
中北大学,人工智能,69,B+,35.3,山西
齐鲁工业大学,人工智能,70,B+,35,山东
中国矿业大学（北京）,人工智能,71,B+,34.3,北京
贵州大学,人工智能,72,B+,34.2,贵州
山西大学,人工智能,72,B+,34.2,山西
中国石油大学（华东）,人工智能,74,B+,34.1,山东
东华大学,人工智能,75,B+,34,上海
南京师范大学,人工智能,75,B+,34,江苏
华南农业大学,人工智能,77,B+,33.6,广东
湖南师范大学,人工智能,78,B+,33.5,湖南
华南师范大学,人工智能,78,B+,33.5,广东
太原理工大学,人工智能,80,B+,33.2,山西
中国石油大学（北京）,人工智能,80,B+,33.2,北京
中央民族大学,人工智能,82,B+,33.1,北京
北方工业大学,人工智能,83,B+,33,北京
桂林电子科技大学,人工智能,84,B+,32.9,广西
首都师范大学,人工智能,84,B+,32.9,北京
山东师范大学,人工智能,86,B+,32.6,山东
温州大学,人工智能,87,B+,32.5,浙江
西安邮电大学,人工智能,88,B+,32.3,陕西
中国传媒大学,人工智能,88,B+,32.3,北京
华北电力大学,人工智能,90,B+,31.9,北京
西安理工大学,人工智能,91,B+,31.7,陕西
浙江师范大学,人工智能,91,B+,31.7,浙江
上海理工大学,人工智能,93,B+,31.6,上海
福建师范大学,人工智能,94,B+,31.5,福建
浙江工商大学,人工智能,94,B+,31.5,浙江
天津理工大学,人工智能,96,B+,31.4,天津
湘潭大学,人工智能,97,B+,30.9,湖南
华中农业大学,人工智能,98,B+,30.7,湖北
华东交通大学,人工智能,99,B+,30.6,江西
长沙理工大学,人工智能,100,B+,30.1,湖南
上海师范大学,人工智能,101,B+,29.9,上海
北京化工大学,人工智能,102,B+,29.8,北京
西安工业大学,人工智能,103,B+,29.7,陕西
北京信息科技大学,人工智能,104,B+,29.6,北京
南京农业大学,人工智能,105,B+,29.5,江苏
西南财经大学,人工智能,105,B+,29.5,四川
上海海事大学,人工智能,107,B+,29.4,上海
长安大学,人工智能,108,B+,29.2,陕西
中国地质大学（北京）,人工智能,108,B+,29.2,北京
天津工业大学,人工智能,110,B+,29.1,天津
江西师范大学,人工智能,111,B+,28.6,江西
南京林业大学,人工智能,112,B+,28.4,江苏
成都大学,人工智能,113,B+,28.2,四川
济南大学,人工智能,113,B+,28.2,山东
对外经济贸易大学,人工智能,115,B+,27.9,北京
南京工业大学,人工智能,116,B+,27.7,江苏
中南财经政法大学,人工智能,116,B+,27.7,湖北
河南大学,人工智能,118,B+,27.4,河南
扬州大学,人工智能,119,B+,27.3,江苏
北京语言大学,人工智能,120,B+,27.2,北京
东北林业大学,人工智能,121,B+,27,黑龙江
国际关系学院,人工智能,122,B+,26.9,北京
成都理工大学,人工智能,123,B+,26.8,四川
中国计量大学,人工智能,123,B+,26.8,浙江
北京工商大学,人工智能,125,B+,26.7,北京
湖北大学,人工智能,126,B+,26.6,湖北
辽宁师范大学,人工智能,127,B+,26.4,辽宁
武汉工程大学,人工智能,127,B+,26.4,湖北
广西师范大学,人工智能,129,B+,26.2,广西
苏州科技大学,人工智能,130,B+,26.1,江苏
曲阜师范大学,人工智能,131,B+,26,山东
北京建筑大学,人工智能,132,B+,25.9,北京
福建农林大学,人工智能,132,B+,25.9,福建
南通大学,人工智能,132,B+,25.9,江苏
西南石油大学,人工智能,132,B+,25.9,四川
东北农业大学,人工智能,136,B+,25.8,黑龙江
延边大学,人工智能,137,B+,25.6,吉林
北京联合大学,人工智能,138,B+,25.4,北京
成都信息工程大学,人工智能,138,B+,25.4,四川
中国民航大学,人工智能,138,B+,25.4,天津
浙江财经大学,人工智能,141,B+,25.3,浙江
长江大学,人工智能,142,B+,25.1,湖北
河北大学,人工智能,142,B+,25.1,河北
华侨大学,人工智能,144,B+,25,福建
江苏科技大学,人工智能,144,B+,25,江苏
上海海洋大学,人工智能,144,B+,25,上海
重庆交通大学,人工智能,147,B+,24.8,重庆
集美大学,人工智能,147,B+,24.8,福建
天津科技大学,人工智能,147,B+,24.8,天津
山东工商学院,人工智能,150,B+,24.7,山东
西安建筑科技大学,人工智能,150,B+,24.7,陕西
哈尔滨理工大学,人工智能,152,B+,24.6,黑龙江
上海应用技术大学,人工智能,152,B+,24.6,上海
中南民族大学,人工智能,152,B+,24.6,湖北
常州大学,人工智能,155,B+,24.4,江苏
湖州师范学院,人工智能,156,B+,24.3,浙江
青岛科技大学,人工智能,157,B+,24.2,山东
南京审计大学,人工智能,158,B+,23.9,江苏
沈阳航空航天大学,人工智能,159,B+,23.7,辽宁
南昌航空大学,人工智能,160,B+,23.6,江西
南京工程学院,人工智能,160,B+,23.6,江苏
上海工程技术大学,人工智能,160,B+,23.6,上海
重庆理工大学,人工智能,163,B+,23.5,重庆
西南科技大学,人工智能,163,B+,23.5,四川
安徽财经大学,人工智能,165,B+,23.4,安徽
西安石油大学,人工智能,165,B+,23.4,陕西
山东财经大学,人工智能,167,B+,23.3,山东
陕西科技大学,人工智能,167,B+,23.3,陕西
贵州师范大学,人工智能,169,B+,23.2,贵州
河北师范大学,人工智能,169,B+,23.2,河北
武汉纺织大学,人工智能,169,B+,23.2,湖北
安徽工程大学,人工智能,172,B+,23.1,安徽
天津师范大学,人工智能,172,B+,23.1,天津
浙大城市学院,人工智能,172,B+,23.1,浙江
中南林业科技大学,人工智能,175,B+,23,湖南
安徽工业大学,人工智能,176,B+,22.9,安徽
江苏师范大学,人工智能,176,B+,22.9,江苏
武汉轻工大学,人工智能,176,B+,22.9,湖北
北京物资学院,人工智能,179,B+,22.8,北京
云南师范大学,人工智能,179,B+,22.8,云南
安徽理工大学,人工智能,181,B+,22.7,安徽
安徽师范大学,人工智能,181,B+,22.7,安徽
西安工程大学,人工智能,181,B+,22.7,陕西
厦门理工学院,人工智能,181,B+,22.7,福建
大连民族大学,人工智能,185,B+,22.6,辽宁
湖南工业大学,人工智能,185,B+,22.6,湖南
石家庄铁道大学,人工智能,185,B+,22.6,河北
江汉大学,人工智能,188,B,22.4,湖北
南华大学,人工智能,188,B,22.4,湖南
东北石油大学,人工智能,190,B,22.3,黑龙江
河北科技大学,人工智能,190,B,22.3,河北
上海电机学院,人工智能,190,B,22.3,上海
沈阳建筑大学,人工智能,190,B,22.3,辽宁
福建理工大学,人工智能,194,B,22.2,福建
广东财经大学,人工智能,194,B,22.2,广东
河南理工大学,人工智能,194,B,22.2,河南
重庆工商大学,人工智能,197,B,22.1,重庆
江西理工大学,人工智能,197,B,22.1,江西
上海对外经贸大学,人工智能,197,B,22.1,上海
西南民族大学,人工智能,197,B,22.1,四川
海南师范大学,人工智能,201,B,21.9,海南
山东理工大学,人工智能,201,B,21.9,山东
大连交通大学,人工智能,203,B,21.8,辽宁
东北财经大学,人工智能,203,B,21.8,辽宁
浙江传媒学院,人工智能,203,B,21.8,浙江
东华理工大学,人工智能,206,B,21.7,江西
合肥师范学院,人工智能,207,B,21.6,安徽
南京中医药大学,人工智能,207,B,21.6,江苏
烟台大学,人工智能,207,B,21.6,山东
浙江科技大学,人工智能,207,B,21.6,浙江
郑州轻工业大学,人工智能,207,B,21.6,河南
桂林理工大学,人工智能,212,B,21.3,广西
华北水利水电大学,人工智能,212,B,21.3,河南
西华师范大学,人工智能,212,B,21.3,四川
山东农业大学,人工智能,215,B,21.2,山东
深圳技术大学,人工智能,215,B,21.2,广东
河北经贸大学,人工智能,217,B,21,河北
华北理工大学,人工智能,217,B,21,河北
陕西理工大学,人工智能,217,B,21,陕西
山东建筑大学,人工智能,220,B,20.9,山东
湖南工商大学,人工智能,221,B,20.8,湖南
沈阳大学,人工智能,221,B,20.8,辽宁
天津职业技术师范大学,人工智能,221,B,20.8,天津
河北农业大学,人工智能,224,B,20.7,河北
重庆文理学院,人工智能,225,B,20.6,重庆
辽宁石油化工大学,人工智能,225,B,20.6,辽宁
天津城建大学,人工智能,225,B,20.6,天津
淮阴工学院,人工智能,228,B,20.5,江苏
广东技术师范大学,人工智能,229,B,20.4,广东
中国民用航空飞行学院,人工智能,230,B,20.2,四川
贵阳学院,人工智能,231,B,20.1,贵州
常州工学院,人工智能,232,B,20,江苏
闽江学院,人工智能,232,B,20,福建
沈阳化工大学,人工智能,234,B,19.9,辽宁
长春大学,人工智能,235,B,19.8,吉林
甘肃政法大学,人工智能,236,B,19.7,甘肃
湖北汽车工业学院,人工智能,236,B,19.7,湖北
湖南理工学院,人工智能,236,B,19.7,湖南
湖南第一师范学院,人工智能,239,B,19.6,湖南
闽南师范大学,人工智能,239,B,19.6,福建
鲁东大学,人工智能,241,B,19.5,山东
盐城工学院,人工智能,241,B,19.5,江苏
湖北师范大学,人工智能,243,B,19.4,湖北
景德镇陶瓷大学,人工智能,243,B,19.4,江西
辽宁工程技术大学,人工智能,243,B,19.4,辽宁
云南农业大学,人工智能,246,B,19.3,云南
长沙学院,人工智能,247,B,19.2,湖南
广东石油化工学院,人工智能,247,B,19.2,广东
湖北科技学院,人工智能,247,B,19.2,湖北
江西科技师范大学,人工智能,247,B,19.2,江西
中原工学院,人工智能,247,B,19.2,河南
北师香港浸会大学,人工智能,252,B,19.1,广东
黑龙江科技大学,人工智能,252,B,19.1,黑龙江
临沂大学,人工智能,252,B,19.1,山东
沈阳工程学院,人工智能,255,B,19,辽宁
新疆农业大学,人工智能,255,B,19,新疆
郑州航空工业管理学院,人工智能,255,B,19,河南
皖西学院,人工智能,258,B,18.9,安徽
北京石油化工学院,人工智能,259,B,18.8,北京
青海民族大学,人工智能,259,B,18.8,青海
聊城大学,人工智能,261,B,18.7,山东
西北民族大学,人工智能,262,B,18.5,甘肃
吉首大学,人工智能,263,B,18.4,湖南
广西民族大学,人工智能,264,B,18.3,广西
云南民族大学,人工智能,264,B,18.3,云南
湖北文理学院,人工智能,266,B,18.2,湖北
吉林工程技术师范学院,人工智能,266,B,18.2,吉林
山东航空学院,人工智能,266,B,18.2,山东
北华航天工业学院,人工智能,269,B,18.1,河北
河南师范大学,人工智能,269,B,18.1,河南
黑龙江工程学院,人工智能,271,B,18,黑龙江
榆林学院,人工智能,271,B,18,陕西
浙江万里学院,人工智能,271,B,18,浙江
湖南科技学院,人工智能,274,B,17.8,湖南
内蒙古工业大学,人工智能,274,B,17.8,内蒙古
齐齐哈尔大学,人工智能,274,B,17.8,黑龙江
长春工业大学,人工智能,277,B,17.7,吉林
河南财经政法大学,人工智能,277,B,17.7,河南
河南农业大学,人工智能,279,B,17.6,河南
湖北经济学院,人工智能,279,B,17.6,湖北
湖南城市学院,人工智能,281,B,17.4,湖南
兰州财经大学,人工智能,281,B,17.4,甘肃
黔南民族师范学院,人工智能,281,B,17.4,贵州
无锡学院,人工智能,284,B,17.3,江苏
信阳师范大学,人工智能,284,B,17.3,河南
宁波工程学院,人工智能,286,B,17.2,浙江
宝鸡文理学院,人工智能,287,B,16.9,陕西
安徽科技学院,人工智能,288,B,16.8,安徽
安阳师范学院,人工智能,288,B,16.8,河南
贵州民族大学,人工智能,288,B,16.8,贵州
泰山学院,人工智能,288,B,16.8,山东
宁夏师范大学,人工智能,292,B,16.6,宁夏
河南工业大学,人工智能,293,B,16.5,河南
山西师范大学,人工智能,293,B,16.5,山西
浙江水利水电学院,人工智能,295,B,16.4,浙江
德州学院,人工智能,296,B,16.2,山东
温州理工学院,人工智能,296,B,16.2,浙江
河南科技学院,人工智能,298,B,16,河南
长春师范大学,人工智能,299,B,15.8,吉林
成都工业学院,人工智能,299,B,15.8,四川
安徽中医药大学,人工智能,301,B,15.7,安徽
湖北第二师范学院,人工智能,302,B,15.6,湖北
苏州城市学院,人工智能,302,B,15.6,江苏
湖北工程学院,人工智能,304,B,15.5,湖北
北京城市学院,人工智能,305,B,15.4,北京
湖南财政经济学院,人工智能,305,B,15.4,湖南
徐州工程学院,人工智能,307,B,15.2,江苏
湖北理工学院,人工智能,308,B,15.1,湖北
湖南工程学院,人工智能,308,B,15.1,湖南
黄冈师范学院,人工智能,308,B,15.1,湖北
衢州学院,人工智能,311,B,15,浙江
湘南学院,人工智能,312,B,14.9,湖南
西安交通大学,大数据管理与应用,1,A+,55.1,陕西
上海交通大学,大数据管理与应用,2,A+,51.1,上海
哈尔滨工业大学,大数据管理与应用,3,A+,49.8,黑龙江
南京航空航天大学,大数据管理与应用,4,A+,48.7,江苏
合肥工业大学,大数据管理与应用,5,A+,48,安徽
中央财经大学,大数据管理与应用,5,A+,48,北京
武汉大学,大数据管理与应用,7,A,47.9,湖北
大连理工大学,大数据管理与应用,8,A,47.7,辽宁
北京科技大学,大数据管理与应用,9,A,47.6,北京
华中科技大学,大数据管理与应用,10,A,47.4,湖北
中国人民大学,大数据管理与应用,11,A,47.3,北京
华南理工大学,大数据管理与应用,12,A,46.2,广东
哈尔滨工程大学,大数据管理与应用,13,A,43.6,黑龙江
南京理工大学,大数据管理与应用,14,A,43.5,江苏
江南大学,大数据管理与应用,15,A,42.8,江苏
北京邮电大学,大数据管理与应用,16,A,40.9,北京
中国矿业大学,大数据管理与应用,17,A,40.5,江苏
湖南大学,大数据管理与应用,18,A,39.9,湖南
北京大学,大数据管理与应用,19,A,39.8,北京
北京工业大学,大数据管理与应用,20,A,39.7,北京
南京信息工程大学,大数据管理与应用,21,A,39,江苏
西安电子科技大学,大数据管理与应用,22,A,38.7,陕西
河海大学,大数据管理与应用,23,A,37.8,江苏
南方科技大学,大数据管理与应用,23,A,37.8,广东
南京邮电大学,大数据管理与应用,25,A,37.6,江苏
山东财经大学,大数据管理与应用,26,A,37.5,山东
吉林大学,大数据管理与应用,27,A,37.2,吉林
大连海事大学,大数据管理与应用,28,A,37,辽宁
武汉理工大学,大数据管理与应用,29,A,36.5,湖北
西南财经大学,大数据管理与应用,29,A,36.5,四川
北京化工大学,大数据管理与应用,31,B+,36.4,北京
长安大学,大数据管理与应用,31,B+,36.4,陕西
华中师范大学,大数据管理与应用,33,B+,35.7,湖北
郑州大学,大数据管理与应用,34,B+,35.6,河南
中国传媒大学,大数据管理与应用,35,B+,35.3,北京
东北财经大学,大数据管理与应用,36,B+,34.7,辽宁
湖南工商大学,大数据管理与应用,36,B+,34.7,湖南
西安邮电大学,大数据管理与应用,38,B+,34.5,陕西
中国矿业大学（北京）,大数据管理与应用,39,B+,34,北京
广东工业大学,大数据管理与应用,40,B+,33.8,广东
北京信息科技大学,大数据管理与应用,41,B+,33.7,北京
上海海事大学,大数据管理与应用,42,B+,32.8,上海
南京财经大学,大数据管理与应用,43,B+,32.7,江苏
中南财经政法大学,大数据管理与应用,43,B+,32.7,湖北
西安建筑科技大学,大数据管理与应用,45,B+,32,陕西
中国地质大学（北京）,大数据管理与应用,45,B+,32,北京
重庆邮电大学,大数据管理与应用,47,B+,31.9,重庆
山东科技大学,大数据管理与应用,48,B+,31.7,山东
江苏科技大学,大数据管理与应用,49,B+,30.8,江苏
浙江理工大学,大数据管理与应用,49,B+,30.8,浙江
杭州师范大学,大数据管理与应用,51,B+,30.5,浙江
南京审计大学,大数据管理与应用,52,B+,30.3,江苏
江西师范大学,大数据管理与应用,53,B+,29.7,江西
成都理工大学,大数据管理与应用,54,B+,29.5,四川
天津理工大学,大数据管理与应用,54,B+,29.5,天津
中国农业大学,大数据管理与应用,56,B+,29.4,北京
西安理工大学,大数据管理与应用,57,B+,29,陕西
北京中医药大学,大数据管理与应用,58,B+,28.7,北京
南京林业大学,大数据管理与应用,58,B+,28.7,江苏
河南科技大学,大数据管理与应用,60,B+,28.5,河南
西南大学,大数据管理与应用,61,B+,28.1,重庆
北京工商大学,大数据管理与应用,62,B+,27.6,北京
华南农业大学,大数据管理与应用,63,B+,27.5,广东
湖北工业大学,大数据管理与应用,64,B+,27.1,湖北
华北水利水电大学,大数据管理与应用,64,B+,27.1,河南
上海外国语大学,大数据管理与应用,64,B+,27.1,上海
重庆工商大学,大数据管理与应用,67,B+,27,重庆
天津财经大学,大数据管理与应用,68,B+,26.5,天津
陕西师范大学,大数据管理与应用,69,B+,26.3,陕西
海南大学,大数据管理与应用,70,B+,26.1,海南
华南师范大学,大数据管理与应用,71,B+,25.9,广东
北京物资学院,大数据管理与应用,72,B+,25.8,北京
华中农业大学,大数据管理与应用,73,B+,25.4,湖北
武汉工程大学,大数据管理与应用,73,B+,25.4,湖北
上海应用技术大学,大数据管理与应用,75,B+,25.3,上海
重庆理工大学,大数据管理与应用,76,B+,25,重庆
安徽大学,大数据管理与应用,77,B+,24.9,安徽
首都师范大学,大数据管理与应用,78,B+,24.8,北京
西安石油大学,大数据管理与应用,79,B+,24.6,陕西
天津师范大学,大数据管理与应用,80,B+,24.3,天津
武汉纺织大学,大数据管理与应用,81,B+,24,湖北
江汉大学,大数据管理与应用,82,B+,23.9,湖北
西安科技大学,大数据管理与应用,82,B+,23.9,陕西
四川师范大学,大数据管理与应用,84,B+,23.8,四川
大连交通大学,大数据管理与应用,85,B+,23.7,辽宁
安徽工业大学,大数据管理与应用,86,B+,23.6,安徽
天津外国语大学,大数据管理与应用,86,B+,23.6,天津
郑州航空工业管理学院,大数据管理与应用,86,B+,23.6,河南
济南大学,大数据管理与应用,89,B,23.5,山东
上海商学院,大数据管理与应用,89,B,23.5,上海
天津科技大学,大数据管理与应用,91,B,23.3,天津
西安工程大学,大数据管理与应用,91,B,23.3,陕西
南京工程学院,大数据管理与应用,93,B,23,江苏
湖北大学,大数据管理与应用,94,B,22.9,湖北
安徽工程大学,大数据管理与应用,95,B,22.6,安徽
湖南工业大学,大数据管理与应用,95,B,22.6,湖南
兰州理工大学,大数据管理与应用,95,B,22.6,甘肃
吉林财经大学,大数据管理与应用,98,B,22.5,吉林
南京中医药大学,大数据管理与应用,99,B,22.4,江苏
桂林电子科技大学,大数据管理与应用,100,B,22.3,广西
河北经贸大学,大数据管理与应用,101,B,22.1,河北
北京石油化工学院,大数据管理与应用,102,B,22,北京
西安财经大学,大数据管理与应用,102,B,22,陕西
山东理工大学,大数据管理与应用,104,B,21.8,山东
广东财经大学,大数据管理与应用,105,B,21.7,广东
贵州财经大学,大数据管理与应用,105,B,21.7,贵州
天津城建大学,大数据管理与应用,107,B,21.3,天津
河北科技大学,大数据管理与应用,108,B,21.2,河北
沈阳大学,大数据管理与应用,109,B,21.1,辽宁
河北地质大学,大数据管理与应用,110,B,21,河北
哈尔滨商业大学,大数据管理与应用,111,B,20.8,黑龙江
北京联合大学,大数据管理与应用,112,B,20.5,北京
安徽医科大学,大数据管理与应用,113,B,19.9,安徽
阜阳师范大学,大数据管理与应用,113,B,19.9,安徽
四川外国语大学,大数据管理与应用,115,B,19.3,重庆
湖北汽车工业学院,大数据管理与应用,116,B,19.2,湖北
西安外国语大学,大数据管理与应用,116,B,19.2,陕西
大连工业大学,大数据管理与应用,118,B,18.4,辽宁
兰州财经大学,大数据管理与应用,119,B,18.3,甘肃
大连外国语大学,大数据管理与应用,120,B,18.1,辽宁
沈阳医学院,大数据管理与应用,121,B,17.8,辽宁
福建农林大学,大数据管理与应用,122,B,17.7,福建
武汉轻工大学,大数据管理与应用,122,B,17.7,湖北
绍兴文理学院,大数据管理与应用,124,B,17.5,浙江
西北师范大学,大数据管理与应用,124,B,17.5,甘肃
宁夏大学,大数据管理与应用,126,B,17.3,宁夏
辽宁石油化工大学,大数据管理与应用,127,B,17.2,辽宁
山东第二医科大学,大数据管理与应用,128,B,16.4,山东
重庆三峡学院,大数据管理与应用,129,B,16.3,重庆
湖北经济学院,大数据管理与应用,130,B,16.1,湖北
天津体育学院,大数据管理与应用,130,B,16.1,天津
嘉兴南湖学院,大数据管理与应用,132,B,16,浙江
攀枝花学院,大数据管理与应用,132,B,16,四川
武汉商学院,大数据管理与应用,132,B,16,湖北
大连海洋大学,大数据管理与应用,135,B,15.9,辽宁
山东交通学院,大数据管理与应用,136,B,15.7,山东
湖南理工学院,大数据管理与应用,137,B,15.5,湖南
山东政法学院,大数据管理与应用,137,B,15.5,山东
徐州工程学院,大数据管理与应用,137,B,15.5,江苏
四川旅游学院,大数据管理与应用,140,B,15.4,四川
湖南工学院,大数据管理与应用,141,B,15.1,湖南
厦门大学嘉庚学院,大数据管理与应用,142,B,14.8,福建
唐山学院,大数据管理与应用,143,B,14.6,河北
湖南工程学院,大数据管理与应用,144,B,14.4,湖南
邵阳学院,大数据管理与应用,145,B,14.3,湖南
西安交通大学,电子商务,1,A+,58.4,陕西
对外经济贸易大学,电子商务,2,A+,57.4,北京
厦门大学,电子商务,3,A+,56,福建
南京大学,电子商务,4,A+,55.7,江苏
上海财经大学,电子商务,5,A+,55.5,上海
中央财经大学,电子商务,6,A+,54.8,北京
西南财经大学,电子商务,7,A+,54.7,四川
武汉大学,电子商务,8,A+,54.5,湖北
大连理工大学,电子商务,9,A+,53.9,辽宁
东北财经大学,电子商务,10,A+,53.7,辽宁
湖南大学,电子商务,11,A,52.4,湖南
浙江工商大学,电子商务,12,A,51.9,浙江
东南大学,电子商务,13,A,51.4,江苏
哈尔滨工业大学,电子商务,14,A,51.3,黑龙江
暨南大学,电子商务,15,A,50.5,广东
中南财经政法大学,电子商务,16,A,50.4,湖北
天津大学,电子商务,17,A,50,天津
首都经济贸易大学,电子商务,18,A,49.7,北京
南京财经大学,电子商务,19,A,49.6,江苏
北京交通大学,电子商务,20,A,49.5,北京
东华大学,电子商务,21,A,48.8,上海
电子科技大学,电子商务,22,A,47.3,四川
上海对外经贸大学,电子商务,22,A,47.3,上海
安徽大学,电子商务,24,A,46.5,安徽
广州大学,电子商务,24,A,46.5,广东
华侨大学,电子商务,24,A,46.5,福建
合肥工业大学,电子商务,27,A,46,安徽
北京邮电大学,电子商务,28,A,45.7,北京
江西财经大学,电子商务,29,A,45.6,江西
南京审计大学,电子商务,29,A,45.6,江苏
浙江财经大学,电子商务,29,A,45.6,浙江
河南大学,电子商务,32,A,44.6,河南
南京农业大学,电子商务,33,A,44.1,江苏
北京外国语大学,电子商务,34,A,43.7,北京
重庆工商大学,电子商务,35,A,43.5,重庆
南昌大学,电子商务,36,A,43.4,江西
北京工商大学,电子商务,37,A,43.2,北京
广东财经大学,电子商务,38,A,43.1,广东
郑州大学,电子商务,39,A,43,河南
广东外语外贸大学,电子商务,40,A,42.9,广东
华中师范大学,电子商务,40,A,42.9,湖北
福州大学,电子商务,42,A,42.8,福建
大连海事大学,电子商务,43,A,42.3,辽宁
中国农业大学,电子商务,43,A,42.3,北京
天津财经大学,电子商务,45,A,42.2,天津
深圳大学,电子商务,46,A,41.7,广东
燕山大学,电子商务,47,A,41.6,河北
安徽财经大学,电子商务,48,A,41.5,安徽
华南师范大学,电子商务,49,A,41,广东
海南大学,电子商务,50,A,40.9,海南
东北大学,电子商务,51,A,40.7,辽宁
广东工业大学,电子商务,52,B+,40.4,广东
中国矿业大学,电子商务,53,B+,40.3,江苏
杭州师范大学,电子商务,54,B+,40.2,浙江
南京邮电大学,电子商务,55,B+,39.8,江苏
河南工业大学,电子商务,56,B+,39.7,河南
河南财经政法大学,电子商务,57,B+,39.6,河南
山西财经大学,电子商务,58,B+,39.5,山西
浙江师范大学,电子商务,58,B+,39.5,浙江
云南财经大学,电子商务,60,B+,39,云南
杭州电子科技大学,电子商务,61,B+,38.9,浙江
北京联合大学,电子商务,62,B+,38.4,北京
西安电子科技大学,电子商务,63,B+,38.3,陕西
湘潭大学,电子商务,64,B+,38.2,湖南
四川农业大学,电子商务,65,B+,38.1,四川
西安财经大学,电子商务,66,B+,36.6,陕西
江苏大学,电子商务,67,B+,36.2,江苏
江西师范大学,电子商务,68,B+,35.7,江西
山东工商学院,电子商务,69,B+,35.6,山东
湖南科技大学,电子商务,70,B+,35.3,湖南
武汉工程大学,电子商务,70,B+,35.3,湖北
重庆邮电大学,电子商务,72,B+,35.1,重庆
吉林财经大学,电子商务,72,B+,35.1,吉林
西南科技大学,电子商务,74,B+,34.6,四川
成都理工大学,电子商务,75,B+,34.2,四川
成都信息工程大学,电子商务,75,B+,34.2,四川
湖北工业大学,电子商务,77,B+,34,湖北
西安邮电大学,电子商务,78,B+,33.9,陕西
天津商业大学,电子商务,79,B+,33.8,天津
河北地质大学,电子商务,80,B+,32.7,河北
新疆财经大学,电子商务,81,B+,32.5,新疆
河南科技大学,电子商务,82,B+,32.3,河南
重庆师范大学,电子商务,83,B+,32.2,重庆
兰州财经大学,电子商务,84,B+,31.5,甘肃
中南民族大学,电子商务,85,B+,31.2,湖北
北京物资学院,电子商务,86,B+,31,北京
河北科技大学,电子商务,86,B+,31,河北
黑龙江大学,电子商务,86,B+,31,黑龙江
闽江学院,电子商务,86,B+,31,福建
上海商学院,电子商务,90,B+,30.8,上海
集美大学,电子商务,91,B+,30.7,福建
湖北经济学院,电子商务,92,B+,30.6,湖北
西安科技大学,电子商务,92,B+,30.6,陕西
内蒙古财经大学,电子商务,94,B+,30.5,内蒙古
西华大学,电子商务,95,B+,29.5,四川
扬州大学,电子商务,95,B+,29.5,江苏
四川师范大学,电子商务,97,B+,29.4,四川
北京信息科技大学,电子商务,98,B+,28.7,北京
西南石油大学,电子商务,98,B+,28.7,四川
郑州轻工业大学,电子商务,100,B+,28.6,河南
广西师范大学,电子商务,101,B+,28.5,广西
浙江农林大学,电子商务,101,B+,28.5,浙江
贵州财经大学,电子商务,103,B+,28.3,贵州
贵州师范大学,电子商务,104,B+,28.2,贵州
陕西理工大学,电子商务,105,B+,27.9,陕西
山东建筑大学,电子商务,106,B+,27.7,山东
长春工业大学,电子商务,107,B+,27.5,吉林
安徽农业大学,电子商务,108,B+,27.4,安徽
青岛理工大学,电子商务,109,B+,27.3,山东
厦门理工学院,电子商务,110,B+,27.1,福建
南昌航空大学,电子商务,111,B+,26.9,江西
四川外国语大学,电子商务,111,B+,26.9,重庆
海南师范大学,电子商务,113,B+,26.8,海南
桂林电子科技大学,电子商务,114,B+,26.7,广西
洛阳师范学院,电子商务,114,B+,26.7,河南
哈尔滨商业大学,电子商务,116,B+,26.5,黑龙江
安徽理工大学,电子商务,117,B+,26.3,安徽
宁夏大学,电子商务,118,B+,26.2,宁夏
西昌学院,电子商务,118,B+,26.2,四川
湖南农业大学,电子商务,120,B+,26.1,湖南
安庆师范大学,电子商务,121,B+,25.9,安徽
上海第二工业大学,电子商务,121,B+,25.9,上海
广东金融学院,电子商务,123,B+,25.8,广东
浙大宁波理工学院,电子商务,124,B+,25.7,浙江
北京石油化工学院,电子商务,125,B+,25.3,北京
丽水学院,电子商务,125,B+,25.3,浙江
南华大学,电子商务,125,B+,25.3,湖南
徐州工程学院,电子商务,128,B+,25.2,江苏
辽宁工程技术大学,电子商务,129,B+,25.1,辽宁
武汉纺织大学,电子商务,130,B+,25,湖北
湖南工业大学,电子商务,131,B+,24.8,湖南
桂林理工大学,电子商务,132,B+,24.7,广西
海南热带海洋学院,电子商务,132,B+,24.7,海南
吉首大学,电子商务,134,B+,24.3,湖南
江西农业大学,电子商务,134,B+,24.3,江西
阜阳师范大学,电子商务,136,B+,24.2,安徽
湖北工程学院,电子商务,137,B+,24.1,湖北
浙江万里学院,电子商务,137,B+,24.1,浙江
湖州师范学院,电子商务,139,B+,23.8,浙江
景德镇陶瓷大学,电子商务,140,B+,23.4,江西
云南农业大学,电子商务,141,B+,23.3,云南
五邑大学,电子商务,142,B+,23.2,广东
许昌学院,电子商务,142,B+,23.2,河南
北师香港浸会大学,电子商务,144,B+,23,广东
河南财政金融学院,电子商务,144,B+,23,河南
临沂大学,电子商务,146,B+,22.7,山东
江西水利电力大学,电子商务,146,B+,22.7,江西
岭南师范学院,电子商务,148,B+,22.5,广东
沈阳工业大学,电子商务,149,B+,22.2,辽宁
西南林业大学,电子商务,149,B+,22.2,云南
江西科技师范大学,电子商务,151,B+,21.9,江西
宁波工程学院,电子商务,151,B+,21.9,浙江
上海立信会计金融学院,电子商务,153,B+,21.6,上海
福建江夏学院,电子商务,154,B+,21.5,福建
宿州学院,电子商务,154,B+,21.5,安徽
北方民族大学,电子商务,156,B,21.4,宁夏
浙江外国语学院,电子商务,157,B,21.3,浙江
湖南人文科技学院,电子商务,158,B,21.2,湖南
泉州师范学院,电子商务,159,B,20.9,福建
内江师范学院,电子商务,160,B,20.8,四川
淮阴工学院,电子商务,161,B,20.7,江苏
东南大学成贤学院,电子商务,162,B,20.6,江苏
金陵科技学院,电子商务,162,B,20.6,江苏
衢州学院,电子商务,162,B,20.6,浙江
湖北科技学院,电子商务,165,B,20.5,湖北
四川轻化工大学,电子商务,166,B,20.4,四川
天津职业技术师范大学,电子商务,166,B,20.4,天津
池州学院,电子商务,168,B,20.3,安徽
福建理工大学,电子商务,169,B,20.2,福建
湖南财政经济学院,电子商务,169,B,20.2,湖南
武汉商学院,电子商务,171,B,20.1,湖北
淮北师范大学,电子商务,172,B,20,安徽
北华航天工业学院,电子商务,173,B,19.7,河北
湖南工程学院,电子商务,173,B,19.7,湖南
洛阳理工学院,电子商务,175,B,19.6,河南
广东药科大学,电子商务,176,B,19.4,广东
内蒙古农业大学,电子商务,176,B,19.4,内蒙古
皖西学院,电子商务,176,B,19.4,安徽
盐城工学院,电子商务,176,B,19.4,江苏
广东技术师范大学,电子商务,180,B,19.3,广东
河北金融学院,电子商务,181,B,19.2,河北
玉林师范学院,电子商务,181,B,19.2,广西
巢湖学院,电子商务,183,B,18.9,安徽
广东第二师范学院,电子商务,183,B,18.9,广东
吉林外国语大学,电子商务,183,B,18.9,吉林
南阳理工学院,电子商务,183,B,18.9,河南
沧州师范学院,电子商务,187,B,18.7,河北
吉林农业科技学院,电子商务,188,B,18.6,吉林
莆田学院,电子商务,188,B,18.6,福建
安阳工学院,电子商务,190,B,18.5,河南
淮阴师范学院,电子商务,190,B,18.5,江苏
宿迁学院,电子商务,190,B,18.5,江苏
铜陵学院,电子商务,190,B,18.5,安徽
河西学院,电子商务,194,B,18.4,甘肃
信阳农林学院,电子商务,194,B,18.4,河南
桂林旅游学院,电子商务,196,B,18.3,广西
贵州商学院,电子商务,196,B,18.3,贵州
黄淮学院,电子商务,196,B,18.3,河南
青岛农业大学,电子商务,196,B,18.3,山东
西安文理学院,电子商务,196,B,18.3,陕西
廊坊师范学院,电子商务,201,B,18.2,河北
山东管理学院,电子商务,201,B,18.2,山东
福建商学院,电子商务,203,B,18.1,福建
厦门大学嘉庚学院,电子商务,204,B,18,福建
新乡学院,电子商务,204,B,18,河南
肇庆学院,电子商务,204,B,18,广东
常州工学院,电子商务,207,B,17.9,江苏
淮南师范学院,电子商务,207,B,17.9,安徽
南昌师范学院,电子商务,209,B,17.6,江西
文山学院,电子商务,209,B,17.6,云南
新余学院,电子商务,209,B,17.6,江西
广西财经学院,电子商务,212,B,17.5,广西
唐山学院,电子商务,212,B,17.5,河北
武汉工商学院,电子商务,212,B,17.5,湖北
百色学院,电子商务,215,B,17.4,广西
唐山师范学院,电子商务,215,B,17.4,河北
盐城师范学院,电子商务,215,B,17.4,江苏
河北民族师范学院,电子商务,218,B,17.3,河北
武汉东湖学院,电子商务,218,B,17.3,湖北
西安航空学院,电子商务,220,B,17.2,陕西
赣南科技学院,电子商务,221,B,17,江西
吉林工商学院,电子商务,221,B,17,吉林
三明学院,电子商务,221,B,17,福建
西安培华学院,电子商务,221,B,17,陕西
萍乡学院,电子商务,225,B,16.9,江西
河南工程学院,电子商务,226,B,16.8,河南
集美大学诚毅学院,电子商务,226,B,16.8,福建
泰山学院,电子商务,226,B,16.8,山东
西京学院,电子商务,226,B,16.8,陕西
衡阳师范学院,电子商务,230,B,16.7,湖南
华北科技学院,电子商务,230,B,16.7,河北
山西工程技术学院,电子商务,232,B,16.5,山西
梧州学院,电子商务,232,B,16.5,广西
长沙师范学院,电子商务,234,B,16.4,湖南
蚌埠学院,电子商务,235,B,16.3,安徽
凯里学院,电子商务,235,B,16.3,贵州
浙江财经大学东方学院,电子商务,235,B,16.3,浙江
哈尔滨金融学院,电子商务,238,B,16.2,黑龙江
景德镇学院,电子商务,238,B,16.2,江西
上海杉达学院,电子商务,238,B,16.2,上海
宁夏大学新华学院,电子商务,241,B,16.1,宁夏
青岛黄海学院,电子商务,242,B,16,山东
珠海科技学院,电子商务,242,B,16,广东
赤峰学院,电子商务,244,B,15.9,内蒙古
山东交通学院,电子商务,244,B,15.9,山东
河南牧业经济学院,电子商务,246,B,15.8,河南
苏州大学应用技术学院,电子商务,246,B,15.8,江苏
九江学院,电子商务,248,B,15.6,江西
运城学院,电子商务,248,B,15.6,山西
浙江工商大学杭州商学院,电子商务,250,B,15.2,浙江
汉江师范学院,电子商务,251,B,15.1,湖北
绥化学院,电子商务,251,B,15.1,黑龙江
成都锦城学院,电子商务,253,B,15,四川
四川工商学院,电子商务,253,B,15,四川
亳州学院,电子商务,255,B,14.9,安徽
广州南方学院,电子商务,255,B,14.9,广东
兰州工业学院,电子商务,255,B,14.9,甘肃
清华大学,信息管理与信息系统,1,A+,62.6,北京
合肥工业大学,信息管理与信息系统,2,A+,61.3,安徽
武汉大学,信息管理与信息系统,3,A+,59.5,湖北
复旦大学,信息管理与信息系统,4,A+,58,上海
北京理工大学,信息管理与信息系统,5,A+,57.6,北京
东南大学,信息管理与信息系统,6,A+,57.3,江苏
浙江大学,信息管理与信息系统,7,A+,57.2,浙江
天津大学,信息管理与信息系统,8,A+,57.1,天津
同济大学,信息管理与信息系统,9,A,56.6,上海
哈尔滨工业大学,信息管理与信息系统,10,A,56.2,黑龙江
南京航空航天大学,信息管理与信息系统,10,A,56.2,江苏
北京航空航天大学,信息管理与信息系统,12,A,54.9,北京
大连理工大学,信息管理与信息系统,13,A,54.7,辽宁
中国人民大学,信息管理与信息系统,14,A,54.5,北京
南京大学,信息管理与信息系统,15,A,54.2,江苏
华中科技大学,信息管理与信息系统,16,A,53.5,湖北
西北工业大学,信息管理与信息系统,17,A,52.1,陕西
重庆大学,信息管理与信息系统,18,A,51.6,重庆
中央财经大学,信息管理与信息系统,19,A,50.7,北京
上海交通大学,信息管理与信息系统,20,A,50.5,上海
上海财经大学,信息管理与信息系统,21,A,50.2,上海
中南大学,信息管理与信息系统,21,A,50.2,湖南
中山大学,信息管理与信息系统,23,A,50,广东
电子科技大学,信息管理与信息系统,24,A,48.7,四川
北京科技大学,信息管理与信息系统,25,A,47.6,北京
华东理工大学,信息管理与信息系统,26,A,46.5,上海
湖南大学,信息管理与信息系统,27,A,46.4,湖南
上海大学,信息管理与信息系统,28,A,45.9,上海
中国石油大学（北京）,信息管理与信息系统,29,A,45.2,北京
东北大学,信息管理与信息系统,30,A,45.1,辽宁
西南交通大学,信息管理与信息系统,30,A,45.1,四川
西安电子科技大学,信息管理与信息系统,32,A,45,陕西
南京邮电大学,信息管理与信息系统,33,A,44.5,江苏
东华大学,信息管理与信息系统,34,A,44.3,上海
南京信息工程大学,信息管理与信息系统,35,A,43.8,江苏
北京交通大学,信息管理与信息系统,36,A,43.7,北京
杭州电子科技大学,信息管理与信息系统,37,A,43.5,浙江
武汉理工大学,信息管理与信息系统,38,A,43.3,湖北
北京大学,信息管理与信息系统,39,A,42.8,北京
中国石油大学（华东）,信息管理与信息系统,40,A,42.5,山东
吉林大学,信息管理与信息系统,41,A,42.3,吉林
山东财经大学,信息管理与信息系统,42,A,42.2,山东
河海大学,信息管理与信息系统,43,A,42.1,江苏
大连海事大学,信息管理与信息系统,44,B+,41.6,辽宁
南昌大学,信息管理与信息系统,44,B+,41.6,江西
暨南大学,信息管理与信息系统,46,B+,41.5,广东
江西财经大学,信息管理与信息系统,47,B+,41.4,江西
中国地质大学（武汉）,信息管理与信息系统,48,B+,41.3,湖北
江苏大学,信息管理与信息系统,49,B+,41.1,江苏
深圳大学,信息管理与信息系统,49,B+,41.1,广东
北京师范大学,信息管理与信息系统,51,B+,40.8,北京
长安大学,信息管理与信息系统,52,B+,40.1,陕西
郑州大学,信息管理与信息系统,52,B+,40.1,河南
华中师范大学,信息管理与信息系统,54,B+,39.8,湖北
东北财经大学,信息管理与信息系统,55,B+,39.4,辽宁
对外经济贸易大学,信息管理与信息系统,56,B+,39.1,北京
华北电力大学,信息管理与信息系统,57,B+,39,北京
北京工业大学,信息管理与信息系统,58,B+,38.8,北京
上海理工大学,信息管理与信息系统,59,B+,38.6,上海
福州大学,信息管理与信息系统,60,B+,38.5,福建
北京化工大学,信息管理与信息系统,61,B+,38.3,北京
北京信息科技大学,信息管理与信息系统,62,B+,37.9,北京
北京外国语大学,信息管理与信息系统,63,B+,37.8,北京
湖南工商大学,信息管理与信息系统,64,B+,37.6,湖南
江苏科技大学,信息管理与信息系统,65,B+,37.5,江苏
青岛大学,信息管理与信息系统,66,B+,37.4,山东
首都经济贸易大学,信息管理与信息系统,66,B+,37.4,北京
广东工业大学,信息管理与信息系统,68,B+,37.1,广东
浙江工业大学,信息管理与信息系统,69,B+,37,浙江
中南财经政法大学,信息管理与信息系统,69,B+,37,湖北
南京工业大学,信息管理与信息系统,71,B+,36.7,江苏
中国地质大学（北京）,信息管理与信息系统,71,B+,36.7,北京
浙江工商大学,信息管理与信息系统,73,B+,36,浙江
武汉科技大学,信息管理与信息系统,74,B+,35.7,湖北
中国传媒大学,信息管理与信息系统,74,B+,35.7,北京
中国计量大学,信息管理与信息系统,76,B+,35.4,浙江
浙江理工大学,信息管理与信息系统,77,B+,35.2,浙江
重庆邮电大学,信息管理与信息系统,78,B+,35.1,重庆
昆明理工大学,信息管理与信息系统,79,B+,34.6,云南
西南财经大学,信息管理与信息系统,79,B+,34.6,四川
西安建筑科技大学,信息管理与信息系统,81,B+,34.4,陕西
南京农业大学,信息管理与信息系统,82,B+,34.2,江苏
山东师范大学,信息管理与信息系统,83,B+,33.6,山东
上海外国语大学,信息管理与信息系统,83,B+,33.6,上海
哈尔滨理工大学,信息管理与信息系统,85,B+,33,黑龙江
西安邮电大学,信息管理与信息系统,85,B+,33,陕西
南京审计大学,信息管理与信息系统,87,B+,32.7,江苏
浙江财经大学,信息管理与信息系统,88,B+,32.6,浙江
湘潭大学,信息管理与信息系统,89,B+,31.9,湖南
西南石油大学,信息管理与信息系统,90,B+,31.8,四川
中国政法大学,信息管理与信息系统,91,B+,31.6,北京
山西大学,信息管理与信息系统,92,B+,31.5,山西
桂林电子科技大学,信息管理与信息系统,93,B+,30.6,广西
华南师范大学,信息管理与信息系统,94,B+,30.5,广东
西南大学,信息管理与信息系统,94,B+,30.5,重庆
兰州大学,信息管理与信息系统,96,B+,30.4,甘肃
河北大学,信息管理与信息系统,97,B+,30,河北
北京物资学院,信息管理与信息系统,98,B+,29.9,北京
安徽大学,信息管理与信息系统,99,B+,29.3,安徽
华中农业大学,信息管理与信息系统,100,B+,29.1,湖北
北京林业大学,信息管理与信息系统,101,B+,29,北京
中国医科大学,信息管理与信息系统,101,B+,29,辽宁
山西财经大学,信息管理与信息系统,103,B+,28.9,山西
华侨大学,信息管理与信息系统,104,B+,28.6,福建
辽宁工程技术大学,信息管理与信息系统,105,B+,28.5,辽宁
天津财经大学,信息管理与信息系统,106,B+,28.3,天津
安徽财经大学,信息管理与信息系统,107,B+,28.2,安徽
中南民族大学,信息管理与信息系统,108,B+,28.1,湖北
武汉纺织大学,信息管理与信息系统,109,B+,27.7,湖北
上海应用技术大学,信息管理与信息系统,110,B+,27.6,上海
上海工程技术大学,信息管理与信息系统,111,B+,27.1,上海
上海电力大学,信息管理与信息系统,112,B+,27,上海
上海对外经贸大学,信息管理与信息系统,112,B+,27,上海
河南科技大学,信息管理与信息系统,114,B+,26.8,河南
济南大学,信息管理与信息系统,115,B+,26.6,山东
北京语言大学,信息管理与信息系统,116,B+,26.4,北京
西安理工大学,信息管理与信息系统,117,B+,26.2,陕西
青岛理工大学,信息管理与信息系统,118,B+,26.1,山东
东北电力大学,信息管理与信息系统,119,B+,26,吉林
西安财经大学,信息管理与信息系统,120,B+,25.7,陕西
华南农业大学,信息管理与信息系统,121,B+,25.6,广东
西交利物浦大学,信息管理与信息系统,122,B+,25.5,江苏
西北大学,信息管理与信息系统,123,B+,25.4,陕西
贵州财经大学,信息管理与信息系统,124,B+,25.1,贵州
武汉工程大学,信息管理与信息系统,125,B+,24.8,湖北
长春理工大学,信息管理与信息系统,126,B+,24.6,吉林
辽宁师范大学,信息管理与信息系统,126,B+,24.6,辽宁
南京中医药大学,信息管理与信息系统,128,B+,24.5,江苏
兰州交通大学,信息管理与信息系统,129,B+,24.1,甘肃
太原科技大学,信息管理与信息系统,129,B+,24.1,山西
南京工程学院,信息管理与信息系统,131,B+,24,江苏
天津工业大学,信息管理与信息系统,132,B,23.9,天津
宁波大学,信息管理与信息系统,133,B,23.8,浙江
天津师范大学,信息管理与信息系统,134,B,23.2,天津
南通大学,信息管理与信息系统,135,B,23,江苏
齐鲁工业大学,信息管理与信息系统,135,B,23,山东
黑龙江大学,信息管理与信息系统,137,B,22.9,黑龙江
山东建筑大学,信息管理与信息系统,138,B,22.8,山东
湖北中医药大学,信息管理与信息系统,139,B,22.5,湖北
郑州航空工业管理学院,信息管理与信息系统,140,B,22.1,河南
上海商学院,信息管理与信息系统,141,B,22,上海
首都医科大学,信息管理与信息系统,142,B,21.8,北京
滨州医学院,信息管理与信息系统,143,B,21.7,山东
吉林财经大学,信息管理与信息系统,144,B,21.6,吉林
山东工商学院,信息管理与信息系统,145,B,21.5,山东
石家庄铁道大学,信息管理与信息系统,146,B,21.4,河北
常州大学,信息管理与信息系统,147,B,21.3,江苏
上海第二工业大学,信息管理与信息系统,147,B,21.3,上海
长春工业大学,信息管理与信息系统,149,B,21.2,吉林
河北科技大学,信息管理与信息系统,149,B,21.2,河北
重庆医科大学,信息管理与信息系统,151,B,21,重庆
云南财经大学,信息管理与信息系统,151,B,21,云南
云南农业大学,信息管理与信息系统,153,B,20.9,云南
河南医药大学,信息管理与信息系统,154,B,20.7,河南
沈阳理工大学,信息管理与信息系统,155,B,20.6,辽宁
温州医科大学,信息管理与信息系统,155,B,20.6,浙江
浙江科技大学,信息管理与信息系统,157,B,20.5,浙江
华北理工大学,信息管理与信息系统,158,B,20.4,河北
大连交通大学,信息管理与信息系统,159,B,20.3,辽宁
青海大学,信息管理与信息系统,160,B,20.1,青海
河南财经政法大学,信息管理与信息系统,161,B,20,河南
湖北医药学院,信息管理与信息系统,161,B,20,湖北
山西医科大学,信息管理与信息系统,161,B,20,山西
安徽中医药大学,信息管理与信息系统,164,B,19.8,安徽
上海海洋大学,信息管理与信息系统,164,B,19.8,上海
安徽医科大学,信息管理与信息系统,166,B,19.5,安徽
福建中医药大学,信息管理与信息系统,167,B,19.4,福建
山东理工大学,信息管理与信息系统,167,B,19.4,山东
成都医学院,信息管理与信息系统,169,B,19.3,四川
广东金融学院,信息管理与信息系统,170,B,19.2,广东
湖北汽车工业学院,信息管理与信息系统,170,B,19.2,湖北
北京印刷学院,信息管理与信息系统,172,B,19.1,北京
广西医科大学,信息管理与信息系统,172,B,19.1,广西
山东中医药大学,信息管理与信息系统,172,B,19.1,山东
桂林医科大学,信息管理与信息系统,175,B,19,广西
景德镇陶瓷大学,信息管理与信息系统,175,B,19,江西
广东医科大学,信息管理与信息系统,177,B,18.3,广东
河南中医药大学,信息管理与信息系统,178,B,18.2,河南
盐城工学院,信息管理与信息系统,179,B,17.9,江苏
五邑大学,信息管理与信息系统,180,B,17.6,广东
嘉兴大学,信息管理与信息系统,181,B,17.5,浙江
徐州工程学院,信息管理与信息系统,181,B,17.5,江苏
北京服装学院,信息管理与信息系统,183,B,17.4,北京
福建理工大学,信息管理与信息系统,183,B,17.4,福建
南宁师范大学,信息管理与信息系统,183,B,17.4,广西
无锡学院,信息管理与信息系统,186,B,17.2,江苏
重庆三峡学院,信息管理与信息系统,187,B,17.1,重庆
湖南中医药大学,信息管理与信息系统,188,B,17,湖南
哈尔滨医科大学,信息管理与信息系统,189,B,16.9,黑龙江
福建江夏学院,信息管理与信息系统,190,B,16.6,福建
牡丹江医科大学,信息管理与信息系统,191,B,16.4,黑龙江
西南科技大学,信息管理与信息系统,192,B,16.3,四川
兰州财经大学,信息管理与信息系统,193,B,16.2,甘肃
大连外国语大学,信息管理与信息系统,194,B,16.1,辽宁
华北科技学院,信息管理与信息系统,194,B,16.1,河北
内蒙古科技大学,信息管理与信息系统,194,B,16.1,内蒙古
山东政法学院,信息管理与信息系统,197,B,15.7,山东
云南民族大学,信息管理与信息系统,198,B,15.2,云南
韩山师范学院,信息管理与信息系统,199,B,15,广东
湖南财政经济学院,信息管理与信息系统,199,B,15,湖南
内蒙古医科大学,信息管理与信息系统,201,B,14.8,内蒙古
新疆财经大学,信息管理与信息系统,201,B,14.8,新疆
川北医学院,信息管理与信息系统,203,B,14.7,四川
辽宁中医药大学,信息管理与信息系统,204,B,14.6,辽宁
广东海洋大学,信息管理与信息系统,205,B,14.5,广东
广西中医药大学,信息管理与信息系统,206,B,14.4,广西
山西中医药大学,信息管理与信息系统,207,B,14.3,山西
厦门医学院,信息管理与信息系统,208,B,14,福建
蚌埠医科大学,信息管理与信息系统,209,B,13.8,安徽
湖北经济学院,信息管理与信息系统,210,B,13.7,湖北
新疆农业大学,信息管理与信息系统,211,B,13.6,新疆
防灾科技学院,信息管理与信息系统,212,B,13.3,河北
齐齐哈尔医学院,信息管理与信息系统,212,B,13.3,黑龙江
长治医学院,信息管理与信息系统,214,B,13.2,山西
海南医科大学,信息管理与信息系统,214,B,13.2,海南
宁波财经学院,信息管理与信息系统,214,B,13.2,浙江
吉林医药学院,信息管理与信息系统,217,B,13.1,吉林
武汉体育学院,信息管理与信息系统,218,B,12.9,湖北
甘肃农业大学,信息管理与信息系统,219,B,12.8,甘肃
